Source,Hw,Lw,tw,tf,bf,fc',fyh,fyv,fyb,rho_h,rho_v,rho_b,P,Vn
Barda (1972),876,1905,102,102,610,28.89,495,0,527,0.005,0,0.041,0,699
Barda (1972),876,1905,102,102,610,21.24,496,496,529,0.005,0.003,0.041,0,876
Barda (1972),401,1905,102,102,610,25.72,501,531,539,0.005,0.005,0.041,0,1140
Shiga et al. (1973),599,1120,50,120,150,18.44,294,294,383,0.003,0.003,0.042,0,173
Shiga et al. (1973),599,1120,50,120,150,18.44,294,294,383,0.003,0.003,0.042,0,184
Shiga et al. (1973),599,1120,50,120,150,16.09,294,294,383,0.003,0.003,0.042,0,210
Shiga et al. (1973),599,1120,50,120,150,14.81,294,294,383,0.003,0.003,0.042,226,335
Shiga et al. (1973),599,1120,50,120,150,14.81,294,294,383,0.005,0.005,0.042,0,235
Shiga et al. (1973),599,1120,50,120,150,15.3,294,294,383,0.005,0.005,0.042,225,304
Hirosawa (1975),599,1120,50,120,150,15.3,294,294,383,0.005,0.005,0.042,452,282
Hirosawa (1975),1199,2720,80,320,320,19.71,353,353,363,0.008,0.007,0.017,0,931
Hirosawa (1975),1199,2720,80,320,320,25.89,353,353,363,0.008,0.007,0.017,0,1030
Hirosawa (1975),1199,2720,160,320,320,29.42,339,339,363,0.006,0.006,0.017,0,1554
Hirosawa (1975),1199,2720,80,320,320,23.83,353,353,272,0.008,0.007,0.065,0,1495
Hirosawa (1975),1199,2720,160,320,320,29.23,339,339,272,0.006,0.006,0.065,0,2310
Hirosawa (1975),1750,2250,80,250,250,25.99,624,624,359,0.005,0.005,0.008,375,654
Hirosawa (1975),1750,2250,80,250,250,24.61,624,624,359,0.001,0.002,0.008,375,522
Hirosawa (1975),1750,2250,50,250,250,24.61,624,624,359,0.002,0.003,0.008,375,467
Hirosawa (1975),749,2250,50,250,250,25.99,624,624,359,0.008,0.008,0.008,375,783
Hirosawa (1975),1700,1700,160,160,170,23.2,487,483,487,0.013,0.007,0.021,544,725
Hirosawa (1975),1700,1700,160,160,170,23.2,487,483,487,0.013,0.007,0.021,544,735
Hirosawa (1975),1700,1700,160,160,170,21,487,436,436,0.011,0.007,0.021,544,650
Hirosawa (1975),1700,1700,160,160,170,21,487,436,436,0.011,0.007,0.021,544,670
Hirosawa (1975),1700,1700,100,100,170,24.1,487,413,487,0.008,0.019,0.008,437,465
Hirosawa (1975),1700,1700,100,100,170,24.1,487,413,487,0.008,0.019,0.008,437,440
Hirosawa (1975),1700,1700,100,350,100,22.1,487,435,487,0.008,0.011,0.019,437,600
Hirosawa (1975),1700,1700,100,350,100,22.1,487,435,487,0.008,0.011,0.019,437,615
Hirosawa (1975),700,600,30,100,100,26.3,293,293,294,0.002,0.002,0.025,0,54
Hirosawa (1975),700,600,30,100,100,25.7,293,293,294,0.002,0.002,0.025,32,73
Hirosawa (1975),700,600,30,100,100,26,293,293,294,0.002,0.002,0.025,64,82
Hirosawa (1975),700,600,30,100,100,25.7,293,293,294,0.002,0.002,0.025,128,92
Hirosawa (1975),700,600,30,100,100,18.6,262,262,294,0.002,0.002,0.025,0,38
Hirosawa (1975),700,600,30,100,100,18.6,262,262,294,0.002,0.002,0.025,0,36
Hirosawa (1975),700,600,30,100,100,30.5,293,293,294,0.002,0.002,0.025,64,60
Hirosawa (1975),700,600,30,100,100,29.6,293,293,294,0.002,0.002,0.025,128,84
Hirosawa (1975),1700,1700,160,160,170,18.3,415,407,415,0.011,0.005,0.057,544,930
Hirosawa (1975),1700,1700,160,160,170,20.8,420,407,420,0.006,0.005,0.025,544,700
Hirosawa (1975),1700,1700,160,160,170,13.7,420,407,420,0.006,0.005,0.025,544,630
Hirosawa (1975),150,430,30,30,150,22.4,382,382,382,0.004,0.004,0.007,0,21
Hirosawa (1975),150,430,30,30,150,16.9,382,382,382,0.004,0.004,0.007,0,18
Hirosawa (1975),150,430,30,30,150,16.9,333,333,382,0.004,0.004,0.007,0,20
Hirosawa (1975),150,430,30,30,150,16.9,382,382,382,0.004,0.004,0.007,0,23
Hirosawa (1975),150,430,30,30,150,16.1,382,382,382,0.004,0.004,0.007,0,19
Hirosawa (1975),150,430,30,30,150,16.1,382,382,382,0.004,0.004,0.007,0,21
Hirosawa (1975),150,430,25,30,145,26.5,402,402,402,0.005,0.004,0.007,0,29
Hirosawa (1975),150,430,23,30,145,17.9,402,402,402,0.005,0.005,0.007,0,25
Hirosawa (1975),150,430,25,30,145,17.9,323,323,402,0.005,0.004,0.007,0,27
Hirosawa (1975),150,430,20,30,145,15.4,323,323,402,0.006,0.006,0.007,0,27
Hirosawa (1975),150,430,23,30,145,19.9,323,323,402,0.007,0.007,0.007,0,30
Hirosawa (1975),400,430,23,30,145,14.2,407,407,407,0,0,0.015,0,19
Hirosawa (1975),400,430,27,30,145,14.2,402,402,407,0.004,0.004,0.015,0,25
Hirosawa (1975),400,430,24,30,145,14.2,323,323,407,0.004,0.005,0.015,0,24
Hirosawa (1975),400,430,22,30,145,16.2,323,323,407,0.005,0.005,0.015,0,20
Hirosawa (1975),400,430,16,30,145,13.8,323,323,407,0.007,0.007,0.015,0,20
Hirosawa (1975),400,430,22,30,145,17.9,323,323,407,0.007,0.007,0.015,0,25
Hirosawa (1975),400,430,22,30,145,16.8,323,323,407,0.007,0.007,0.015,0,26
Hirosawa (1975),330,430,24,30,145,23.9,323,323,407,0.005,0.005,0.015,0,27
Hirosawa (1975),330,430,23,30,145,16.2,323,323,407,0.005,0.005,0.015,0,27
Hirosawa (1975),330,430,23,30,145,15.7,323,323,407,0.005,0.005,0.015,0,26
Hirosawa (1975),330,430,21,30,145,16.4,323,323,407,0.005,0.005,0.015,0,25
Hirosawa (1975),230,420,20,60,60,13.7,343,343,343,0,0,0.018,0,37
Hirosawa (1975),230,420,20,60,60,13.7,323,323,343,0.005,0.005,0.018,0,50
Hirosawa (1975),230,420,20,60,60,19.1,334,334,334,0,0,0.032,0,38
Hirosawa (1975),230,420,20,60,60,18,334,334,334,0,0,0.032,0,38
Hirosawa (1975),230,420,20,60,60,19.1,323,323,334,0.005,0.005,0.032,0,44
Hirosawa (1975),230,420,20,60,60,18,323,323,334,0.005,0.005,0.032,0,49
Hirosawa (1975),230,420,20,60,60,16.7,294,294,294,0,0,0.046,0,36
Hirosawa (1975),230,420,20,60,60,15.2,294,294,294,0,0,0.046,0,35
Hirosawa (1975),230,420,20,60,60,15.2,294,294,294,0,0,0.046,0,33
Hirosawa (1975),230,420,20,60,60,29.4,372,372,294,0.003,0.003,0.031,0,46
Hirosawa (1975),150,430,30,150,30,22.4,382,382,382,0,0,0.007,0,25
Hirosawa (1975),150,430,24,145,30,18.6,323,323,402,0.007,0.007,0.007,0,28
Hirosawa (1975),960,1000,40,80,80,15.8,237,237,242,0.003,0.003,0.008,0,46
Hirosawa (1975),960,1000,40,80,80,15.8,237,237,242,0.005,0.005,0.008,0,52
Hirosawa (1975),960,1000,30,80,80,12.3,237,237,237,0.004,0.004,0.038,0,76
Hirosawa (1975),960,1000,30,80,80,12.3,237,237,237,0.006,0.006,0.038,0,72
Hirosawa (1975),800,900,100,100,100,30,224,224,224,0.001,0.001,0.05,0,254
Hirosawa (1975),800,900,100,100,100,28.6,224,224,224,0.001,0.001,0.05,0,204
Hirosawa (1975),800,900,70,100,100,29.4,280,224,224,0.005,0.001,0.05,0,294
Hirosawa (1975),800,900,70,100,100,29.3,280,224,224,0.005,0.001,0.05,0,282
Hirosawa (1975),800,900,40,100,100,29.1,280,224,224,0.01,0.002,0.05,0,231
Hirosawa (1975),800,900,40,100,100,28.6,280,224,224,0.01,0.002,0.05,0,210
Hirosawa (1975),800,900,40,100,100,29.2,224,280,224,0.002,0.01,0.05,0,210
Hirosawa (1975),800,900,40,100,100,28.6,224,280,224,0.002,0.01,0.05,0,207
Hirosawa (1975),1199,2301,75,250,250,32.95,335,335,467,0.002,0.002,0.026,0,931
Hirosawa (1975),1199,1549,80,250,250,17.36,485,485,467,0.002,0.002,0.026,0,608
Hirosawa (1975),1199,2301,78,250,250,23.24,335,335,467,0.002,0.002,0.026,0,966
Hirosawa (1975),1325,1550,80,250,250,17.3,485,485,485,0.002,0.002,0.026,0,620
Hirosawa (1975),1325,2300,78,250,250,23.2,335,335,335,0.002,0.002,0.026,0,985
Hirosawa (1975),1325,2300,75,250,250,32.9,335,335,335,0.002,0.002,0.026,0,950
Hirosawa (1975),1325,1855,80,80,155,17.3,485,485,485,0.002,0.002,0.032,0,350
Hirosawa (1975),1325,1855,80,80,155,17.3,485,485,485,0.002,0.002,0.005,0,135
Hirosawa (1975),1325,1855,80,250,250,17.3,485,485,485,0.002,0.002,0.026,0,480
Hirosawa (1975),1199,2301,74,250,250,24.12,549,549,419,0.002,0.002,0.025,0,834
Hirosawa (1975),1199,2301,83,250,250,25.2,461,461,419,0.001,0.001,0.025,0,804
Hirosawa (1975),1450,2300,74,250,250,24.1,549,549,545,0.002,0.002,0.025,0,850
Hirosawa (1975),1450,2300,83,250,250,25.2,461,461,545,0.001,0.001,0.025,0,820
Hirosawa (1975),900,507,67,107,120,30.2,296,296,296,0.019,0.02,0.04,0,103
Hirosawa (1975),900,507,67,107,120,31.4,296,296,296,0.019,0.02,0.083,0,165
Hirosawa (1975),900,507,67,107,120,29.9,296,296,296,0.026,0.025,0.04,0,111
Hirosawa (1975),900,507,67,107,120,32.1,296,296,296,0.026,0.025,0.083,0,178
Hirosawa (1975),860,1000,60,60,80,23.5,433,433,433,0.002,0.002,0.053,0,104
Hirosawa (1975),860,1000,60,60,80,23.5,433,433,433,0.008,0.007,0.059,0,150
Hirosawa (1975),860,1000,60,60,80,23.5,433,433,433,0.004,0.004,0.083,0,138
Hirosawa (1975),860,1000,60,60,80,23.5,433,433,433,0.008,0.007,0.089,0,162
Hirosawa (1975),860,1000,60,60,80,23.5,433,433,433,0.012,0.012,0.089,0,178
Hirosawa (1975),860,1200,60,60,120,24.5,433,433,433,0.002,0.002,0.035,0,163
Hirosawa (1975),860,1200,60,60,120,24.5,433,433,433,0.008,0.008,0.039,0,240
Hirosawa (1975),860,1200,60,60,120,24.5,433,433,433,0.004,0.004,0.055,0,224
Hirosawa (1975),860,1200,60,60,120,24.5,433,433,433,0.008,0.008,0.059,0,265
Hirosawa (1975),860,1200,60,60,120,24.5,433,433,433,0.012,0.012,0.059,0,280
Hirosawa (1975),860,1600,60,60,160,25.5,433,433,433,0.002,0.002,0.027,0,203
Hirosawa (1975),860,1600,60,60,160,25.5,433,433,433,0.008,0.008,0.029,0,328
Hirosawa (1975),860,1600,60,60,160,25.5,433,433,433,0.004,0.004,0.044,0,325
Hirosawa (1975),860,1600,60,60,160,25.5,433,433,433,0.008,0.008,0.044,0,390
Fukuzawa et al. (1988),860,1600,60,60,160,25.5,433,433,433,0.012,0.012,0.047,0,430
Fukuzawa et al. (1988),1049,2301,80,300,300,34.03,412,412,379,0.012,0.012,0.01,719,1658
Fukuzawa et al. (1988),1049,2301,80,300,300,29.52,412,412,379,0.006,0.006,0.01,709,1179
Fukuzawa et al. (1988),1049,2301,80,300,300,39.71,412,412,379,0.008,0.008,0.01,709,1475
Fukuzawa et al. (1988),1049,2301,80,300,300,33.63,412,412,379,0.016,0.016,0.014,710,1677
Fukuzawa et al. (1988),1049,2301,80,300,300,34.62,412,412,374,0.02,0.02,0.018,718,1823
Fukuzawa et al. (1988),1049,2301,80,300,300,31.77,412,412,379,0.012,0.012,0.01,1423,1515
Fukuzawa et al. (1988),650,2301,80,300,300,33.05,412,412,379,0.012,0.012,0.01,710,1617
Saito et al. (1989),1450,2301,80,300,300,33.44,412,412,379,0.012,0.012,0.01,718,1343
Saito et al. (1989),749,2121,120,120,500,35.2,369,369,369,0.013,0.013,0.048,706,2657
Saito et al. (1989),749,2121,120,120,500,38.15,369,369,369,0.009,0.009,0.048,698,2511
Saito et al. (1989),749,2121,120,120,500,35.79,369,369,369,0.017,0.017,0.048,713,2511
Saito et al. (1989),749,2121,120,120,500,35.79,369,369,369,0.013,0.013,0.048,350,2481
Saito et al. (1989),749,2121,120,120,500,40.4,369,369,369,0.013,0.013,0.048,706,2668
Saito et al. (1989),1750,2121,120,120,500,33.14,369,369,369,0.013,0.013,0.048,701,1755
Saito et al. (1989),1750,2121,120,120,500,33.93,369,369,369,0.013,0.013,0.048,355,1648
Saito et al. (1989),749,2121,150,120,500,24.81,369,369,369,0.011,0.011,0.048,830,2187
Sato et al. (1989),1750,2121,150,120,500,25.89,369,369,369,0.011,0.011,0.048,830,1814
Sato et al. (1989),2200,2149,150,150,1000,43.1,422,422,422,0.005,0.005,0.023,1155,2250
Sato et al. (1989),1400,2149,150,150,1000,38,296,296,296,0.008,0.008,0.008,1155,1680
Sato et al. (1989),1400,2149,150,150,1000,35.8,422,422,422,0.006,0.006,0.006,1155,1740
Sato et al. (1989),1400,2149,150,150,1000,35,528,528,528,0.005,0.005,0.005,1155,1740
Sato et al. (1989),1001,2149,150,150,1000,40.1,296,296,296,0.008,0.008,0.008,1155,2100
Sato et al. (1989),1001,2149,150,150,1000,41,422,422,422,0.006,0.006,0.006,1155,2190
Sato et al. (1989),2200,2149,150,150,1000,36.3,296,296,296,0.012,0.012,0.058,1155,2490
Sato et al. (1989),2200,2149,150,150,1000,34.4,422,422,422,0.009,0.009,0.045,1155,2490
Sato et al. (1989),2200,2149,150,150,1000,37.2,528,528,528,0.007,0.007,0.036,1155,2430
Sato et al. (1989),1400,2149,150,150,1000,24.5,296,296,296,0.012,0.012,0.012,1155,1800
Sato et al. (1989),1400,2149,150,150,1000,27.8,422,422,422,0.009,0.009,0.009,1155,1830
Sato et al. (1989),1400,2149,150,150,1000,39.3,296,296,296,0.012,0.012,0.012,1155,1890
Sato et al. (1989),1400,2149,150,150,1000,38.8,422,422,422,0.009,0.009,0.009,1155,2040
Sato et al. (1989),1400,2149,150,150,1000,37.5,528,528,528,0.007,0.007,0.007,1155,1980
Sato et al. (1989),1001,2149,150,150,1000,33.4,296,296,296,0.012,0.012,0.012,1155,2250
Sato et al. (1989),1001,2149,150,150,1000,34.6,422,422,422,0.009,0.009,0.009,1155,2370
Sato et al. (1989),1400,2149,150,150,1000,27.4,296,296,296,0.016,0.016,0.016,1155,1980
Sato et al. (1989),1400,2149,150,150,1000,27.5,422,422,422,0.012,0.012,0.012,1155,2040
Sato et al. (1989),1400,2149,150,150,1000,28,528,528,528,0.01,0.01,0.01,1155,2040
Sato et al. (1989),1400,2149,150,150,1000,41.8,296,296,296,0.016,0.016,0.016,1155,2280
Sato et al. (1989),1400,2149,150,150,1000,43.1,422,422,422,0.012,0.012,0.012,1155,2340
Mo and Chan (1996),500,861,70,80,170,29.5,443,443,443,0.008,0.007,0.021,0,255
Mo and Chan (1996),500,861,70,80,170,29.5,443,443,443,0.008,0.007,0.021,0,204
Mo and Chan (1996),500,861,70,80,170,31,443,443,443,0.008,0.007,0.021,0,205
Mo and Chan (1996),500,861,70,80,170,30.7,443,443,443,0.008,0.006,0.021,0,246
Mo and Chan (1996),500,861,70,80,170,30.2,443,443,443,0.008,0.006,0.021,0,200
Mo and Chan (1996),500,861,70,80,170,30.2,443,443,443,0.008,0.006,0.021,0,210
Mo and Chan (1996),500,861,70,80,170,39.3,443,443,443,0.008,0.006,0.021,0,219
Mo and Chan (1996),500,861,70,80,170,37,443,443,443,0.008,0.006,0.021,0,205
Jiang (1999),500,861,70,80,170,34.5,443,443,443,0.008,0.006,0.021,0,210
Jiang (1999),933,827,67,67,95,19.1,325,325,297,0.01,0.01,0.031,200,400
Jiang (1999),933,827,67,67,95,19.1,325,325,297,0.01,0.01,0.031,400,488
Jiang (1999),933,827,67,67,95,16.6,325,325,297,0.01,0.01,0.031,200,381
Jiang (1999),933,827,67,67,95,16.6,325,325,297,0.01,0.01,0.031,400,469
Jiang (1999),933,827,67,67,95,16.2,325,325,297,0.01,0.01,0.031,200,394
Palermo and Vecchio (2002),2019,3076,75,95,3045,21.7,605,605,605,0.008,0.008,0.004,940,1277
Farvashany et al. (2008),2019,3086,75,100,3045,18.8,605,605,605,0.008,0.008,0.004,260,891
Farvashany et al. (2008),1100,879,75,90,375,104,550,402,444,0.005,0.013,0.04,540,845
Farvashany et al. (2008),1100,879,75,90,375,93,550,402,444,0.005,0.013,0.04,954,625
Farvashany et al. (2008),1100,879,75,90,375,86,550,402,444,0.005,0.008,0.04,953,866
Farvashany et al. (2008),1100,879,75,90,375,91,550,402,444,0.005,0.008,0.04,2365,801
Farvashany et al. (2008),1100,879,75,90,375,84,550,402,444,0.008,0.013,0.04,955,745
Farvashany et al. (2008),1100,879,75,90,375,90,550,402,444,0.008,0.013,0.04,550,800
Farvashany et al. (2008),1100,879,75,90,375,102,550,402,444,0.008,0.008,0.04,952,845
Massone and Melo (2018),750,2250,80,250,250,26,624,624,359,0.00474,0.00493,0.00811,370,654
Massone and Melo (2018),750,2250,80,250,250,24.6,624,624,359,0.00135,0.0016,0.00811,368,559
Massone and Melo (2018),750,2250,80,250,250,26,624,624,359,0.00135,0.0016,0.00811,370,525
Massone and Melo (2018),750,2250,50,250,250,24.6,624,624,359,0.00217,0.00255,0.00811,368,467
Massone and Melo (2018),625,600,30,100,100,23.5,293,293,209,0.00213,0.00231,0.02512,0,49
Massone and Melo (2018),625,600,30,100,100,27.2,293,293,209,0.00213,0.00231,0.02512,29,66
Massone and Melo (2018),625,600,30,100,100,26.9,293,293,209,0.00213,0.00231,0.02512,63,76
Massone and Melo (2018),625,600,30,100,100,25.7,293,293,209,0.00213,0.00231,0.02512,125,86
Massone and Melo (2018),575,600,30,100,100,18.6,262,262,213,0.00239,0.00238,0.02524,0,34
Massone and Melo (2018),575,600,30,100,100,18.6,262,262,213,0.0024,0.00238,0.02524,0,37
Massone and Melo (2018),625,600,30,100,100,29.9,293,293,209,0.00213,0.00231,0.02524,63,59
Massone and Melo (2018),625,600,30,100,150,25.2,476,476,276,0.00201,0.00209,0.02719,0,73
Massone and Melo (2018),625,600,30,100,150,28.3,476,476,221,0.00201,0.00209,0.02612,41,69
Massone and Melo (2018),625,600,30,100,150,28,476,476,221,0.00201,0.00209,0.02612,82,78
Massone and Melo (2018),625,600,30,100,150,29,476,476,221,0.00201,0.00209,0.02612,124,102
Massone and Melo (2018),1200,2300,75,250,250,23.2,335,335,468,0.00188,0.00188,0.0255,0,966
Massone and Melo (2018),1200,2300,80,250,250,33,335,335,468,0.00177,0.00177,0.0255,0,932
Massone and Melo (2018),1200,1550,80,250,250,17.4,485,485,468,0.00177,0.00168,0.0255,0,608
Massone and Melo (2018),150,430,30,30,150,16.9,383,383,383,0.00411,0.0036,0.0068,0,17
Massone and Melo (2018),150,430,30,30,150,16.1,383,383,383,0.00411,0.0036,0.0068,0,21
Massone and Melo (2018),355,430,23,30,145,14.2,0,0,407,0,0,0.0152,0,18
Massone and Melo (2018),355,430,24,30,145,14.2,0,0,407,0,0,0.0152,0,16
Massone and Melo (2018),200,420,20,60,60,13.7,0,0,343,0,0,0.0179,0,37
Massone and Melo (2018),200,420,20,60,60,19.1,0,0,335,0,0,0.0318,0,37
Massone and Melo (2018),200,420,20,60,60,18,0,0,335,0,0,0.0318,0,37
Massone and Melo (2018),200,420,20,60,60,16.7,0,0,294,0,0,0.0462,0,35
Massone and Melo (2018),200,420,20,60,60,15.2,0,0,294,0,0,0.0462,0,34
Massone and Melo (2018),200,420,20,60,60,15.2,0,0,294,0,0,0.0462,0,32
Massone and Melo (2018),200,420,20,60,60,29.4,373,373,294,0.00258,0.00257,0.0308,0,45
Massone and Melo (2018),1200,2300,83,250,250,25.2,461,461,419,0.00074,0.00074,0.0254,0,804
Massone and Melo (2018),1600,1700,160,170,160,17.3,419,407,419,0.00263,0.00505,0.0568,0,809
Massone and Melo (2018),1600,1700,160,170,160,20.8,419,407,377,0.00263,0.00505,0.0568,532,726
Massone and Melo (2018),1600,1700,160,170,160,14.7,415,407,382,0.01083,0.00505,0.0251,532,706
Massone and Melo (2018),1600,1700,160,170,160,18.3,415,407,382,0.01083,0.00505,0.0251,533,760
Massone and Melo (2018),1600,850,160,85,160,17.8,422,407,380,0.00568,0.00404,0.0991,266,333
Massone and Melo (2018),1600,850,160,85,160,23.2,415,407,378,0.01083,0.00404,0.0844,268,368
Massone and Melo (2018),300,420,20,60,40,63.4,0,0,316,0,0,0.0701,0,39
Massone and Melo (2018),300,420,40,42,40,63.4,0,0,316,0,0,0.1002,0,50
Massone and Melo (2018),450,570,20,60,60,32.1,0,0,368,0,0,0.047,0,51
Massone and Melo (2018),450,570,30,60,60,32.2,0,0,368,0,0,0.047,0,39
Massone and Melo (2018),450,570,40,60,60,33.3,0,0,368,0,0,0.047,0,59
Massone and Melo (2018),450,570,10,60,60,31.9,284,284,368,0.03667,0.03667,0.047,0,46
Massone and Melo (2018),450,570,20,60,60,34.3,284,284,368,0.01833,0.01833,0.047,0,63
Massone and Melo (2018),450,570,20,60,60,30.1,284,284,368,0.01833,0.01833,0.047,0,75
Massone and Melo (2018),450,570,20,60,60,34.9,284,284,368,0.01833,0.01833,0.047,0,63
Massone and Melo (2018),450,570,30,60,60,35.6,284,284,368,0.01222,0.01222,0.047,0,94
Massone and Melo (2018),450,570,30,60,60,34.3,284,284,368,0.01222,0.01222,0.047,0,90
Massone and Melo (2018),450,570,30,60,60,33.8,284,284,368,0.01222,0.01222,0.047,0,86
Massone and Melo (2018),450,570,40,60,60,32.9,284,284,368,0.00917,0.00917,0.047,0,98
Massone and Melo (2018),450,570,40,60,60,35.3,284,284,368,0.00917,0.00917,0.047,0,97
Massone and Melo (2018),450,570,40,60,60,35.8,284,284,368,0.00917,0.00917,0.047,0,102
Massone and Melo (2018),450,570,10,60,60,45.8,294,294,293,0.01833,0.01833,0.047,0,43
Massone and Melo (2018),450,570,10,60,60,43.4,294,294,293,0.01833,0.01833,0.047,0,44
Massone and Melo (2018),450,570,20,60,60,43,294,294,293,0.01833,0.01833,0.047,0,69
Massone and Melo (2018),450,570,20,60,60,48.7,294,294,293,0.01833,0.01833,0.047,0,71
Massone and Melo (2018),450,570,30,60,60,40,294,294,293,0.01222,0.01222,0.047,0,71
Massone and Melo (2018),450,570,30,60,60,46.1,294,294,293,0.01222,0.01222,0.047,0,76
Massone and Melo (2018),450,570,40,60,60,45.3,294,294,293,0.00917,0.00917,0.047,0,78
Massone and Melo (2018),450,570,40,60,60,42.6,294,294,293,0.00917,0.00917,0.047,0,77
Massone and Melo (2018),450,570,10,60,60,46.3,294,294,293,0.02444,0.02444,0.047,0,55
Massone and Melo (2018),450,570,10,60,60,46.9,294,294,293,0.02444,0.02444,0.047,0,57
Massone and Melo (2018),450,570,10,60,60,45.6,294,294,293,0.02444,0.02444,0.047,0,58
Massone and Melo (2018),450,570,20,60,60,43.7,324,324,293,0.02444,0.02444,0.047,0,82
Massone and Melo (2018),450,570,20,60,60,43.9,324,324,293,0.02444,0.02444,0.047,0,76
Massone and Melo (2018),450,570,20,60,60,45.1,324,324,293,0.02444,0.02444,0.047,0,80
Massone and Melo (2018),450,570,30,60,60,45.4,324,324,293,0.0163,0.0163,0.047,0,75
Massone and Melo (2018),450,570,30,60,60,43.1,324,324,293,0.0163,0.0163,0.047,0,84
Massone and Melo (2018),450,570,30,60,60,44.4,324,324,293,0.0163,0.0163,0.047,0,85
Massone and Melo (2018),450,570,40,60,60,43.8,324,324,293,0.01222,0.01222,0.047,0,86
Massone and Melo (2018),450,570,40,60,60,43.1,324,324,293,0.01222,0.01222,0.047,0,78
Massone and Melo (2018),450,570,40,60,60,40.8,324,324,293,0.01222,0.01222,0.047,0,92
Massone and Melo (2018),813,507,67,120,107,30.2,296,296,261,0.01891,0.01966,0.0396,0,101
Massone and Melo (2018),813,507,67,120,107,31.4,296,296,302,0.01891,0.01966,0.0826,0,162
Massone and Melo (2018),813,507,67,120,107,29.9,296,296,261,0.02583,0.02528,0.0396,0,109
Massone and Melo (2018),813,507,67,120,107,32.2,296,296,302,0.02583,0.02528,0.0827,0,175
Massone and Melo (2018),813,507,67,120,107,29.7,296,296,261,0.01894,0.01966,0.0396,0,195
Massone and Melo (2018),813,507,67,120,107,28.6,296,296,302,0.01894,0.01966,0.0826,0,184
Massone and Melo (2018),840,1000,40,80,80,15.8,237,237,286,0.00331,0.00331,0.0083,0,45
Massone and Melo (2018),840,1000,40,80,80,15.8,335,335,286,0.00457,0.00457,0.0083,0,51
Massone and Melo (2018),840,1000,30,80,80,12.3,433,433,294,0.00442,0.00442,0.0375,0,75
Massone and Melo (2018),840,1000,30,80,80,12.3,531,531,294,0.0061,0.0061,0.0375,0,71
Massone and Melo (2018),1440,3960,120,360,360,20.9,397,397,397,0.00742,0.0077,0.0177,1152,2305
Massone and Melo (2018),700,900,100,100,100,30,224,224,297,0.00097,0.00097,0.0503,0,249
Massone and Melo (2018),700,900,100,100,100,28.6,224,224,297,0.00097,0.00097,0.0503,0,200
Massone and Melo (2018),800,800,60,80,60,23.5,434,434,333,0.00233,0.00219,0.0529,0,102
Massone and Melo (2018),800,800,60,80,60,23.5,434,434,343,0.00817,0.00729,0.0588,0,147
Massone and Melo (2018),800,800,60,80,60,23.5,434,434,343,0.00408,0.00438,0.0829,0,135
Massone and Melo (2018),800,800,60,80,60,23.5,434,434,345,0.00817,0.00729,0.0888,0,159
Massone and Melo (2018),800,800,60,80,60,23.5,434,434,345,0.01167,0.01167,0.0888,0,175
Massone and Melo (2018),800,1600,60,160,60,25.5,434,434,333,0.00233,0.00219,0.0265,0,199
Massone and Melo (2018),800,1600,60,160,60,25.5,434,434,345,0.00408,0.00365,0.0444,0,319
Massone and Melo (2018),2000,1000,120,100,120,19.37,392,392,383,0.00131,0.00251,0.085,0,198
Massone and Melo (2018),2000,1000,120,100,120,19.56,402,402,383,0.00246,0.00251,0.085,0,270
Massone and Melo (2018),2000,1000,120,100,120,19.54,402,402,383,0.00381,0.00251,0.10583,0,324
Massone and Melo (2018),1800,1300,100,130,100,24.22,431,0,483,0.0025,0,0.08538,0,333
Massone and Melo (2018),475,1325,40,125,125,35.6,286,286,330,0.00312,0.00233,0.0202,0,373
Massone and Melo (2018),475,1325,40,125,125,30.4,286,286,330,0.00467,0.00467,0.0202,0,370
Massone and Melo (2018),475,1325,40,125,125,31.5,286,286,330,0.01091,0.00934,0.0202,0,438
Massone and Melo (2018),475,1325,30,125,125,32.8,286,286,330,0.00623,0.00622,0.0202,0,276
Massone and Melo (2018),475,1325,20,125,125,30.1,286,286,330,0.00623,0.00467,0.0202,0,211
Massone and Melo (2018),475,1325,20,125,125,33.7,286,286,330,0.00935,0.00934,0.0202,0,213
Massone and Melo (2018),1000,2000,100,200,100,24.82,425,434,434,0.0025,0.008,0.008,15,574
Massone and Melo (2018),500,2000,100,200,100,22.06,425,434,434,0.0025,0.008,0.008,9,681
Massone and Melo (2018),1500,2000,100,200,100,44.99,450,450,450,0.008,0.008,0.008,0,381
Massone and Melo (2018),1500,1500,100,150,100,44.99,450,450,450,0.008,0.008,0.008,0,225
Massone and Melo (2018),500,2000,100,200,100,34.99,248,480,480,0.0039,0.008,0.008,0,909
Massone and Melo (2018),1000,2000,100,200,100,34.99,480,480,480,0.008,0.008,0.008,0,530
Massone and Melo (2018),1000,2000,100,200,100,32.99,480,480,480,0.008,0.008,0.008,0,420
Massone and Melo (2018),1000,2000,100,200,100,26.99,480,480,480,0.012,0.008,0.008,0,587
Massone and Melo (2018),1016,1803,50.8,127,190.5,21.79,271,271,324,0.0025,0.0025,0.0209,2,360
Massone and Melo (2018),1016,1803,50.8,127,190.5,23.17,271,271,305,0.0025,0.0025,0.0472,2,454
Massone and Melo (2018),1016,1803,50.8,127,190.5,18.41,393,393,297,0.005,0.005,0.0209,5,414
Massone and Melo (2018),1016,1803,50.8,127,190.5,41.16,331,331,276,0.005,0.005,0.0209,4,409
Massone and Melo (2018),1016,1803,50.8,127,190.5,26.75,345,345,345,0.005,0.005,0.0209,2,445
Massone and Melo (2018),1016,1803,50.8,127,190.5,25.58,345,345,345,0.005,0.005,0.0209,2,405
Massone and Melo (2018),1016,1803,50.8,127,190.5,28.27,345,345,345,0.005,0.005,0.0209,3,360
Massone and Melo (2018),1016,1803,50.8,127,190.5,22.82,323,323,338,0.005,0.005,0.0472,2,471
Massone and Melo (2018),1016,1803,76.2,127,190.5,20.34,313,313,296,0.0025,0.0025,0.0209,3,409
Massone and Melo (2018),1016,1803,76.2,127,190.5,14,319,319,314,0.0025,0.0025,0.0209,4,400
Massone and Melo (2018),1016,1803,76.2,127,190.5,16.41,306,306,319,0.005,0.005,0.0209,5,409
Massone and Melo (2018),1016,1803,76.2,127,190.5,17.03,343,343,319,0.005,0.005,0.0209,5,503
Massone and Melo (2018),1016,1803,76.2,127,190.5,14.41,346,346,312,0.005,0.005,0.0209,4,427
Massone and Melo (2018),1016,3327,50.8,127,190.5,22.82,361,361,321,0.005,0.005,0.0209,4,494
Massone and Melo (2018),1016,3327,50.8,127,190.5,20,348,348,336,0.005,0.005,0.0209,7,489
Massone and Melo (2018),1016,3327,50.8,127,190.5,19.58,350,350,319,0.005,0.005,0.0209,7,600
Massone and Melo (2018),952.5,1906,101.6,101.6,609.6,28.96,496,543,525,0.005,0.005,0.0183,28,1218
Massone and Melo (2018),952.5,1906,101.6,101.6,609.6,16.34,499,552,487,0.005,0.005,0.0646,19,978
Massone and Melo (2018),952.5,1906,101.6,101.6,609.6,27.03,513,545,414,0.005,0.005,0.0417,26,1108
Massone and Melo (2018),952.5,1906,101.6,101.6,609.6,21.24,496,496,529,0.005,0.0025,0.0417,21,876
Massone and Melo (2018),476.25,1906,101.6,101.6,609.6,25.72,501,531,539,0.005,0.005,0.0417,15,1140
Massone and Melo (2018),1905,1906,101.6,101.6,609.6,23.44,496,527,489,0.005,0.005,0.0417,27,886
Massone and Melo (2018),508,610.4,50.8,101.6,127,20,341,341,312,0.005,0.005,0.0221,0,89
Massone and Melo (2018),508,915.2,50.8,101.6,127,21.37,341,341,312,0.005,0.005,0.0221,0,155
Massone and Melo (2018),508,1220,50.8,101.6,127,19.51,341,341,312,0.005,0.005,0.0221,0,201
Massone and Melo (2018),508,1778.8,50.8,101.6,127,26.2,341,341,312,0.005,0.005,0.0221,0,294
Massone and Melo (2018),850.9,1727.2,50.8,127,95.25,21.37,341,341,312,0.005,0.005,0.0419,0,187
Massone and Melo (2018),850.9,1727.2,50.8,127,190.5,20,341,341,312,0.0025,0.0025,0.0209,0,249
Massone and Melo (2018),850.9,1727.2,50.8,127,190.5,22.06,341,341,312,0.005,0.005,0.0209,0,463
Massone and Melo (2018),850.9,1727.2,50.8,127,190.5,24.13,341,341,312,0.005,0.005,0.0209,0,374
Massone and Melo (2018),850.9,1727.2,50.8,127,304.8,22.75,341,341,312,0.005,0.005,0.0131,0,294
Massone and Melo (2018),508,915.2,44.45,101.6,127,24.82,341,341,312,0.005,0.005,0.0331,0,205
Massone and Melo (2018),508,915.2,44.45,101.6,127,19.31,341,341,312,0.0025,0.0025,0.0331,0,138
Massone and Melo (2018),425.45,864.6,25.4,63.5,95.25,21.37,341,341,312,0.005,0.005,0.0201,0,90
Massone and Melo (2018),425.45,864.6,25.4,63.5,95.25,20.69,341,341,312,0.005,0.005,0.0201,0,89
Massone and Melo (2018),1276.35,2591.8,76.2,190.5,285.75,20.69,341,341,312,0.005,0.005,0.02,0,685
Massone and Melo (2018),698.5,1651,50.8,127,127,26.89,341,341,312,0.005,0.005,0.0176,0,301
Massone and Melo (2018),952.5,1143,50.8,127,127,24.82,341,341,312,0.005,0.005,0.0496,0,222
Massone and Melo (2018),539.75,1955.8,50.8,127,127,20.69,341,341,312,0.005,0.005,0.0176,0,374
Massone and Melo (2018),850.9,1727.2,50.8,127,190.5,21.37,341,341,312,0.005,0.005,0.0209,0,302
Massone and Melo (2018),850.9,1727.2,50.8,127,190.5,20.69,341,341,312,0.0025,0.0025,0.0209,0,316
Massone and Melo (2018),501.65,1778.8,44.45,101.6,127,21.37,341,341,312,0.01,0.01,0.0221,0,311
Massone and Melo (2018),501.65,1778.8,44.45,101.6,127,22.75,341,341,312,0.01,0.01,0.0221,0,367
Massone and Melo (2018),501.65,1778.8,44.45,101.6,127,20.69,341,341,312,0.015,0.015,0.0221,0,329
Massone and Melo (2018),863.6,1575.5,50.8,120.65,190.5,22.06,359,359,324,0.0025,0.0025,0.0225,0,214
Massone and Melo (2018),863.6,1575.5,50.8,120.65,190.5,21.37,359,359,324,0.0025,0.0025,0.0225,0,178
Massone and Melo (2018),419.1,1644.65,44.45,127,127,19.93,359,359,324,0.0025,0.0025,0.032,0,245
Massone and Melo (2018),419.1,1644.65,44.45,127,127,14.41,359,359,324,0.0025,0.0025,0.032,0,245
Massone and Melo (2018),584.2,1220,50.8,101.6,101.6,16.13,293,293,293,0.005,0.005,0.0275,0,178
Massone and Melo (2018),584.2,1220,50.8,101.6,101.6,16.13,293,293,293,0.005,0.005,0.0275,0,160
Massone and Melo (2018),1905,1905,76.2,190.5,76.2,43.02,414,448,448,0.0027,0.0086,0.0827,12,519
Massone and Melo (2018),1905,1905,76.2,190.5,76.2,42.47,465,448,448,0.0027,0.0289,0.0289,12,570
Massone and Melo (2018),1905,1905,76.2,190.5,76.2,43.02,414,448,448,0.01,0.0289,0.0289,12,679
Massone and Melo (2018),1905,1905,76.2,190.5,76.2,40.34,448,448,448,0,0.0163,0.0163,0,307
Massone and Melo (2018),1905,1905,76.2,190.5,76.2,43.44,455,448,448,0.01,0.0289,0.0289,13,632
Massone and Melo (2018),508,915.2,44.45,101.6,101.6,35.85,345,345,317,0.0079,0.0079,0.0491,0,274
Massone and Melo (2018),508,915.2,44.45,101.6,101.6,29.65,345,345,312,0.0157,0.0157,0.0491,0,318
Massone and Melo (2018),508,915.2,44.45,101.6,101.6,33.79,345,345,343,0.0079,0.0079,0.0276,0,227
Massone and Melo (2018),508,915.2,44.45,101.6,101.6,34.48,345,345,343,0.0157,0.0157,0.0276,0,285
Massone and Melo (2018),508,915.2,44.45,101.6,101.6,31.72,345,345,369,0.0079,0.0079,0.0551,0,191
Massone and Melo (2018),508,915.2,44.45,101.6,101.6,29.65,345,345,367,0.0157,0.0157,0.0551,0,245
Massone and Melo (2018),1524,1524,152.4,168.28,152.4,25.51,424,424,448,0.00278,0.00428,0.03119,53,634
Massone and Melo (2018),1524,1524,152.4,127,152.4,31.37,424,424,448,0.00278,0.004,0.017,51,454
Massone and Melo (2018),1524,1524,152.4,127,152.4,30.96,424,424,448,0.00278,0.004,0.017,50,492
Massone and Melo (2018),1524,1524,152.4,168.28,152.4,43.71,424,424,448,0.00278,0.00428,0.03119,51,750
Massone and Melo (2018),1219.2,1371.6,152.4,127,152.4,28.27,424,424,424,0.00278,0.00227,0.01333,644,754
Massone and Melo (2018),1219.2,1371.6,152.4,127,152.4,31.37,424,424,424,0.00278,0.00227,0.01333,708,821
Massone and Melo (2018),1219.2,1371.6,152.4,127,152.4,31.92,424,424,424,0.00278,0.00227,0.01333,387,649
Massone and Melo (2018),1219.2,1371.6,152.4,127,152.4,31.99,424,424,424,0.00278,0.00227,0.01333,388,683
Massone and Melo (2018),1219.2,1371.6,152.4,127,152.4,29.92,424,424,424,0.00278,0.00227,0.01333,56,405
Maeda (1986),1200,2180,80,180,180,58,321,321,389,0.0119,0.0119,0.078104938,412,1460
Maeda (1986),1200,2180,80,180,180,58,321,321,389,0.02,0.02,0.078104938,412,1676
Chandra et al. (2018),1280,1720,120,120,800,82,560,560,560,0.0079,0.0079,0.0089125,725,1516
Chandra et al. (2018),1280,1720,120,120,800,82,347,347,347,0.0119,0.0119,0.011883333,725,1479
Chandra et al. (2018),1280,1720,120,120,800,82,792,792,792,0.0091,0.0091,0.0089125,725,2066
Chandra et al. (2018),1280,1720,120,120,800,82,560,560,560,0.0119,0.0119,0.011883333,725,2015
Chandra et al. (2018),1000,1000,75,100,375,79,578,545,535,0.005,0.01,0.020970667,0,428
Chandra et al. (2018),1000,1000,75,100,375,65,578,545,535,0.005,0.01,0.030357333,610,720
Chandra et al. (2018),1000,1000,75,100,375,69,578,545,535,0.005,0.01,0.038730667,1230,851
Chandra et al. (2018),1000,1000,75,100,375,75,578,533,535,0.005,0.015,0.031488,0,600
Chandra et al. (2018),1000,1000,75,100,375,73,578,533,535,0.005,0.015,0.039861333,610,790
Chandra et al. (2018),1000,1000,75,100,375,71,578,533,535,0.005,0.015,0.044554667,1230,970
Chandra et al. (2018),1000,1000,75,100,375,71,545,545,535,0.01,0.01,0.030357333,610,800
Chandra et al. (2018),2000,1700,80,200,200,103,1079,1079,761,0.0053,0.0053,0.02139,1764,1670
Chandra et al. (2018),2000,1700,80,200,200,138,1079,1079,761,0.0053,0.0053,0.02139,2313,1719
Chandra et al. (2018),3000,1700,80,200,200,77,792,792,1009,0.0053,0.0053,0.0508,1568,1159
Chandra et al. (2018),2286,1016,76,254,254,46,445,445,491,0.0183,0.0147,0.0556,579,803
Chandra et al. (2018),2286,1016,76,254,254,39,445,445,491,0.0183,0.0147,0.0556,579,855
Chandra et al. (2018),2286,1016,76,254,254,56,476,476,457,0.0183,0.0147,0.0556,579,751
Chandra et al. (2018),2286,1016,76,254,254,84,476,476,457,0.0183,0.0147,0.0556,579,900
Chandra et al. (2018),2286,1016,76,254,254,102,481,481,439,0.0183,0.0147,0.0528,579,819
Chandra et al. (2018),2286,1016,76,254,254,111,478,478,514,0.0183,0.0147,0.0556,579,934
Chandra et al. (2018),2286,1016,76,254,254,131,438,438,449,0.0244,0.0147,0.0556,579,815
Chandra et al. (2018),2286,1016,76,254,254,115,438,438,449,0.0244,0.0147,0.0556,579,923
Antebi et al. (1960),2760,2000,80,200,200,27,377,377,434,0.004,0.004,0.0381,393,654
Antebi et al. (1960),3520,2000,80,200,200,27,377,377,434,0.004,0.004,0.0381,393,542
Antebi et al. (1960),924.525,1804.4,51,127,191,22,271,271,324,0.0025,0.0025,0.0209,0,378
Antebi et al. (1960),924.525,1804.4,51,127,191,22,271,271,324,0.0025,0.0025,0.0209,0,360
Antebi et al. (1960),924.525,1804.4,51,127,191,26,271,271,305,0.0025,0.0025,0.0471,0,511
Antebi et al. (1960),924.525,1804.4,51,127,191,25,271,271,305,0.0025,0.0025,0.0471,0,483
Antebi et al. (1960),924.525,1804.4,51,127,191,24,271,271,305,0.0025,0.0025,0.0471,0,535
Antebi et al. (1960),924.525,1804.4,51,127,191,23,271,271,305,0.0025,0.0025,0.0471,0,454
Antebi et al. (1960),924.525,1804.4,51,127,191,31,271,271,324,0.0025,0.0025,0.0209,0,523
Antebi et al. (1960),924.525,1804.4,51,127,191,18,393,393,296,0.005,0.005,0.0209,0,414
Antebi et al. (1960),924.525,1804.4,51,127,191,21,414,414,299,0.005,0.005,0.0209,0,489
Antebi et al. (1960),924.525,1804.4,51,127,191,41,331,331,276,0.005,0.005,0.0209,0,409
Antebi et al. (1960),924.525,1804.4,51,127,191,27,345,345,345,0.005,0.005,0.0209,0,445
Antebi et al. (1960),924.525,1804.4,51,127,191,24,341,341,341,0.005,0.005,0.0209,0,476
Antebi et al. (1960),924.525,1804.4,51,127,191,26,345,345,345,0.005,0.005,0.0209,0,405
Antebi et al. (1960),924.525,1804.4,51,127,191,25,341,341,341,0.005,0.005,0.0209,0,454
Antebi et al. (1960),924.525,1804.4,51,127,191,28,345,345,345,0.005,0.005,0.0209,0,360
Antebi et al. (1960),924.525,1804.4,51,127,191,34,323,323,345,0.005,0.005,0.0471,0,676
Antebi et al. (1960),924.525,1804.4,51,127,191,23,323,323,345,0.005,0.005,0.0471,0,471
Antebi et al. (1960),924.525,1804.4,51,127,191,34,323,323,345,0.005,0.005,0.0471,0,560
Antebi et al. (1960),924.525,1804.4,51,127,191,32,323,323,345,0.005,0.005,0.0471,0,592
Antebi et al. (1960),924.525,1804.4,76,127,191,20,313,313,345,0.0025,0.0025,0.0209,0,409
Antebi et al. (1960),924.525,1804.4,76,127,191,12,296,296,345,0.0025,0.0025,0.0209,0,387
Antebi et al. (1960),924.525,1804.4,76,127,191,18,294,294,345,0.0025,0.0025,0.0209,0,489
Antebi et al. (1960),924.525,1804.4,76,127,191,19,336,336,345,0.0025,0.0025,0.0209,0,489
Antebi et al. (1960),924.525,1804.4,76,127,191,14,319,319,319,0.0025,0.0025,0.0209,0,400
Antebi et al. (1960),924.525,1804.4,76,127,191,16,306,306,319,0.005,0.005,0.0209,0,409
Antebi et al. (1960),924.525,1804.4,76,127,191,17,343,343,319,0.005,0.005,0.0209,0,503
Antebi et al. (1960),924.525,1804.4,76,127,191,18,348,348,316,0.005,0.005,0.0209,0,498
Antebi et al. (1960),924.525,1804.4,76,127,191,21,341,341,317,0.005,0.005,0.0209,0,520
Antebi et al. (1960),924.525,1804.4,76,127,191,14,346,346,312,0.005,0.005,0.0209,0,427
Antebi et al. (1960),924.525,3329.5,51,127,191,23,371,371,316,0.005,0.005,0.0209,0,792
Antebi et al. (1960),924.525,3329.5,51,127,191,21,349,349,316,0.005,0.005,0.0209,0,783
Antebi et al. (1960),924.525,3329.5,51,127,191,19,348,348,314,0.005,0.005,0.0209,0,676
Athanasopoulou and Parra-Montesinos (2013),1200,1000,100,150,100,46,667,667,484,0.0063,0.0063,0.0354,0,345
Athanasopoulou and Parra-Montesinos (2013),1200,1000,100,150,100,46,633,633,472,0.0086,0.0086,0.0646,0,465
Athanasopoulou and Parra-Montesinos (2013),1500,1000,100,150,100,47,667,667,472,0.0063,0.0063,0.0646,0,350
Athanasopoulou and Parra-Montesinos (2013),1500,1000,100,150,100,42,622,622,478,0.0069,0.0069,0.0885,0,530
Baek et al. (2017),1750,1500,200,300,200,53,470,470,617,0.0093,0.011,0.0957,1113,2275
Baek et al. (2017),1750,1500,200,300,200,53,667,667,617,0.0068,0.007,0.0957,1113,2111
Baek et al. (2017),1000,1500,200,100,200,45,470,617,617,0.0093,0.0092,0.0962,945,2492
Baek et al. (2017),1000,1500,200,100,200,37,667,617,617,0.0068,0.0058,0.0962,777,2351
Baek et al. (2020),750,1500,200,150,200,31,655,655,655,0.0159,0.0106,0.0106,0,1508
Baek et al. (2020),750,1500,200,150,200,31,655,655,655,0.0159,0.0106,0.0106,0,1059
Baek et al. (2020),750,1500,200,150,200,27,655,655,655,0.0159,0.0106,0.0106,0,1372
Baek et al. (2020),750,1500,200,150,200,27,655,655,655,0.0159,0.0106,0.0106,0,1485
Baek et al. (2020),750,1500,200,150,200,50,655,670,670,0.0159,0.0206,0.0206,0,2638
Baek et al. (2020),750,1500,200,200,600,50,655,655,655,0.0159,0.0151,0.0151,0,2465
Baek et al. (2020),750,1500,200,150,200,31,655,655,655,0.0159,0.0106,0.0106,0,1256
Baek et al. (2020),750,1500,200,150,200,31,466,466,466,0.0159,0.0106,0.0106,0,1073
Baek et al. (2020),750,1500,200,150,200,31,655,655,655,0.0159,0.0066,0.0066,0,1069
Baek et al. (2020),750,1500,200,150,200,50,655,655,655,0.0238,0.0106,0.0106,0,1289
Baek et al. (2020),750,1500,200,150,200,50,655,670,670,0.0159,0.0206,0.0206,0,2178
Barda et al. (1957),953,1905,102,102,610,27,513,545,414,0.0048,0.005,0.0409,0,1108
Barda et al. (1957),953,1905,102,102,610,19,0,535,527,0,0.005,0.0409,0,1017
Barda et al. (1957),953,1905,102,102,610,21,496,496,529,0.0048,0.0026,0.0409,0,876
Barda et al. (1957),1905,1905,102,102,610,23,496,527,489,0.005,0.005,0.0409,0,851
Benjamin and Williams (1957),560,610,50,100,130,20,359,359,312,0.005,0.005,0.0225,0,89
Benjamin and Williams (1957),560,910,50,100,130,22,359,359,312,0.005,0.005,0.0225,0,155
Benjamin and Williams (1957),560,1220,50,100,130,20,359,359,312,0.005,0.005,0.0225,0,201
Benjamin and Williams (1957),560,1780,50,100,130,26,359,359,312,0.005,0.005,0.0225,0,294
Birely (2011),4691,3048,152,305,152,36,522,579,579,0.0028,0.0028,0.035,1668,836
Birely (2011),4691,3048,152,305,152,40,522,579,579,0.0028,0.0028,0.035,2409,1228
Birely (2011),4691,3048,152,305,152,34,522,353,353,0.0028,0.0157,0.02,1575,1005
Birely (2011),4691,3048,152,305,152,29,522,462,462,0.0028,0.0028,0.035,1612,970
Cardenas et al. (1973),1905,1905,76,191,76,43,414,448,448,0.0027,0,0.0819,0,519
Cardenas et al. (1973),1905,1905,76,191,76,42,465,448,448,0.0027,0,0.0819,0,569
Cardenas et al. (1973),1905,1905,76,191,76,43,455,448,448,0.0093,0.0287,0.0287,0,632
Carrillo and Alcocer (2013),2498.08,2402,102,240,102,19,447,447,434,0.0014,0.0014,0.0327,47,408
Carrillo and Alcocer (2013),2498.08,2402,101,240,101,19,447,447,430,0.0028,0.0028,0.0468,46,617
Carrillo and Alcocer (2013),2494.96,2399,102,240,102,18,447,447,434,0.0014,0.0014,0.0327,44,352
Carrillo and Alcocer (2013),2492.88,2397,101,240,101,18,447,447,430,0.0028,0.0028,0.0469,44,453
Carrillo and Alcocer (2013),2484,5400,100,200,100,16,447,447,443,0.0028,0.0028,0.0284,173,766
Carrillo and Alcocer (2013),2482.16,5396,103,200,103,20,605,605,456,0.0012,0.0012,0.0291,111,776
Carrillo and Alcocer (2013),2493.92,2398,103,240,103,20,605,605,443,0.0012,0.0012,0.0345,49,329
Carrillo and Alcocer (2013),2502.78,1239,101,124,101,20,605,605,443,0.0012,0.0012,0.0454,25,154
Carrillo and Alcocer (2013),2318.36,1916,83,192,83,25,630,630,411,0.0011,0.0011,0.0377,40,234
Carrillo and Alcocer (2013),2324.41,1921,84,192,84,25,435,435,411,0.0026,0.0026,0.0496,40,274
Chen et al. (2019),2250,2000,200,300,200,39,327,495,488,0.0025,0.0057,0.0134,6240,1104
Chen et al. (2019),2250,2000,200,300,200,39,327,495,488,0.0025,0.0057,0.0134,6240,1083
Chen et al. (2019),2250,2000,200,300,200,39,327,465,488,0.0025,0.007,0.0134,6240,1140
Chen et al. (2019),2250,2000,200,300,200,39,327,465,488,0.0025,0.007,0.0134,6240,1166
Cheng et al. (2016),2159,2032,203,254,203,39,453,453,440,0.0034,0.0034,0.0404,0,1122
Cheng et al. (2016),2159,2032,203,254,203,38,786,786,770,0.0017,0.0017,0.0233,0,1104
Cheng et al. (2016),2159,2032,203,254,203,44,475,475,450,0.0086,0.0086,0.0663,0,1969
Cheng et al. (2016),2159,2032,203,254,203,44,806,806,770,0.0043,0.0043,0.0351,0,1808
Cheng et al. (2016),2159,2032,203,254,203,42,475,475,450,0.0086,0.0086,0.0663,0,1954
Cheng et al. (2020),2159,2032,203,406,203,44.7,441,441,446,0.0082,0.0082,0.046,0,1680
Cheng et al. (2020),2159,2032,203,254,203,49.1,441,441,446,0.0082,0.0082,0.0516,0,1950
Cheng et al. (2020),2159,2032,203,305,305,50.5,441,441,446,0.0082,0.0082,0.0368,0,1940
Cheng et al. (2020),2159,2032,203,305,305,85,883,883,883,0.0041,0.0041,0.0192,0,1950
Chiba et al. (1985),1200,2300,80,300,300,34,412,412,379,0.012,0.012,0.0144,645,1658
Chiba et al. (1985),1200,2300,80,300,300,30,412,412,374,0.006,0.006,0.0176,664,1179
Chiba et al. (1985),1200,2300,80,300,300,40,412,412,379,0.008,0.008,0.0104,632,1475
Chiba et al. (1985),1200,2300,80,300,300,34,412,412,379,0.016,0.016,0.0104,645,1677
Chiba et al. (1985),1200,2300,80,300,300,35,412,412,379,0.02,0.02,0.0104,664,1823
Chiba et al. (1985),1200,2300,80,300,300,32,412,412,379,0.012,0.012,0.0104,1213,1515
Chiba et al. (1985),800,2300,80,300,300,33,412,412,379,0.012,0.012,0.0104,626,1617
Chiba et al. (1985),1600,2300,80,300,300,33,412,412,379,0.012,0.012,0.0104,626,1343
Chiba et al. (1985),1200,2300,80,300,300,29,412,412,379,0.006,0.006,0.0104,642,1246
Chiba et al. (1985),1200,2300,80,300,300,30,412,412,379,0.008,0.008,0.0104,664,1307
Chiba et al. (1985),1200,2300,80,300,300,29,412,412,374,0.012,0.012,0.0176,0,1146
Christidis and Trezos (2017),1500,750,125,210,125,31,588,588,604,0.0067,0.0046,0.018,0,203
Christidis and Trezos (2017),1500,750,125,75,125,31,588,604,604,0.002,0.0105,0.0241,0,177
Christidis and Trezos (2017),1500,750,125,75,125,31,588,604,604,0.0011,0.0105,0.0241,0,173
Christidis and Trezos (2017),1500,750,125,75,125,25,588,604,604,0.0011,0.0105,0.0241,0,158
Dabbagh (2005),1100,1000,75,100,375,86,536,536,535,0.0045,0.0047,0.0643,1161,1000
Dabbagh (2005),1100,1000,75,100,375,86,498,498,535,0.0134,0.0134,0.0643,1161,1191
Dabbagh (2005),1100,1000,75,100,375,96,536,498,535,0.0075,0.0084,0.0643,1166,1099
Dabbagh (2005),1100,1000,75,100,375,96,536,498,535,0.0075,0.0084,0.0643,0,718
Dabbagh (2005),1100,1000,75,100,375,83,536,498,535,0.0045,0.0134,0.0643,1233,1104
Dabbagh (2005),1100,1000,75,100,375,83,498,498,419,0.0094,0.0101,0.0425,1233,1121
Endo et al. (1980),1875,2250,80,250,250,26,447,447,297,0.0071,0.0071,0.0081,345,625
Endo et al. (1980),1875,2250,80,250,250,25,447,447,297,0.0024,0.0024,0.0081,398,522
Endo et al. (1980),1875,2250,80,250,250,26,447,447,318,0.0024,0.0024,0.0163,345,508
Endo et al. (1980),1875,2250,80,250,250,23,414,414,318,0.0024,0.0024,0.0163,366,529
Endo et al. (1980),1875,2250,80,250,250,24,414,414,409,0.0024,0.0024,0.0163,382,541
Endo et al. (1980),1875,2250,80,250,250,27,367,367,409,0.0024,0.0024,0.0244,358,635
Endo et al. (1980),1875,2250,80,250,250,22,367,367,409,0.0024,0.0024,0.0244,350,639
Endo et al. (1980),1875,2250,80,250,250,20,443,443,328,0.0071,0.0071,0.0163,371,797
Endo et al. (1980),1875,2250,100,250,250,20,443,443,328,0.0023,0.0023,0.0244,360,826
Endo et al. (1980),1875,2250,100,250,250,24,443,443,328,0.0071,0.0071,0.0244,360,1008
Endo et al. (1980),2875,2250,80,250,250,35,423,423,383,0.0024,0.0024,0.0224,371,493
Endo et al. (1980),2875,2250,100,250,250,27,423,423,383,0.0023,0.0023,0.0224,405,622
Endo et al. (1980),1875,2250,100,250,250,26,423,423,425,0.0023,0.0023,0.0123,390,884
Escolano-Margarit et al. (2012),3316.7,1525,203,153,203,33,483,427,462,0.0055,0.0042,0.0658,307,716
Escolano-Margarit et al. (2012),3316.7,1525,203,153,203,34,483,427,462,0.0055,0.0042,0.0658,316,698
Farvashany et al. (2008),1200,880,75,90,375,104,550,550,550,0.0047,0.0126,0.04,499,735
Farvashany et al. (2008),1200,880,75,90,375,93,550,550,550,0.0047,0.0126,0.04,1004,845
Farvashany et al. (2008),1200,880,75,90,375,86,550,550,550,0.0047,0.0075,0.04,929,625
Farvashany et al. (2008),1200,880,75,90,375,91,550,550,550,0.0047,0.0075,0.04,2402,866
Farvashany et al. (2008),1200,880,75,90,375,84,550,550,550,0.0075,0.0126,0.04,907,801
Farvashany et al. (2008),1200,880,75,90,375,90,550,550,550,0.0075,0.0126,0.04,540,745
Farvashany et al. (2008),1200,880,75,90,375,102,550,550,550,0.0075,0.0075,0.04,979,800
Fukuzawa et al. (1988),1200,2300,80,300,300,35,0,0,374,0,0,0.0176,664,1193
Fukuzawa et al. (1988),1200,2300,80,300,300,35,412,412,379,0.003,0.003,0.0104,664,1283
Fukuzawa et al. (1988),1200,2300,80,300,300,34,412,412,379,0.0236,0.0236,0.0104,645,2003
Fukuzawa et al. (1988),1200,2300,80,300,300,32,412,412,379,0.0276,0.0276,0.0104,607,1732
Fukuzawa et al. (1988),1200,2300,80,300,300,32,0,0,379,0,0,0.0104,0,744
Fukuzawa et al. (1988),1200,2300,80,300,300,32,0,0,379,0,0,0.0104,1213,1421
Fukuzawa et al. (1988),1200,2300,80,300,300,35,412,412,379,0.006,0.006,0.0104,0,1151
Fukuzawa et al. (1988),1200,2300,80,300,300,34,412,412,374,0.006,0.006,0.0176,1289,1698
Fukuzawa et al. (1988),800,2300,80,300,300,34,412,412,374,0.006,0.006,0.0176,645,1871
Fukuzawa et al. (1988),1600,2300,80,300,300,34,412,412,374,0.006,0.006,0.0176,645,1275
Fukuzawa et al. (1988),800,2300,80,300,300,34,412,412,374,0.02,0.02,0.0176,645,2081
Fukuzawa et al. (1988),1600,2300,80,300,300,34,412,412,379,0.02,0.02,0.0104,645,1656
Fukuzawa et al. (1988),1200,2300,80,300,300,34,412,412,379,0.02,0.02,0.0104,0,1712
Fukuzawa et al. (1988),1200,2300,80,300,300,34,412,412,379,0.02,0.02,0.0104,1289,2035
Fukuzawa et al. (1988),1200,2300,80,300,300,36,412,412,374,0.02,0.02,0.0176,683,1775
Fukuzawa et al. (1988),1200,2300,80,300,300,25,412,412,387,0.006,0.006,0.0104,632,1276
Fukuzawa et al. (1988),1200,2300,80,300,300,26,412,412,387,0.012,0.012,0.0104,657,1390
Fukuzawa et al. (1988),1200,2300,80,300,300,25,412,412,387,0.02,0.02,0.0104,632,1491
Greifenhagen and Lestuzzi (2005),610,1000.76,100,100,100,51,504,504,504,0.0037,0.0034,0.0034,102,202
Greifenhagen and Lestuzzi (2005),609.6,1000.76,100,100,100,51,0,504,504,0,0.0034,0.0034,102,203
Greifenhagen and Lestuzzi (2005),609.6,899.16,80,90,80,24,745,504,504,0.0026,0.0039,0.0039,86,135
Gulec and Whittaker (2009),1501.14,1998.98,80,200,200,19,395,395,392,0.0027,0.0027,0.0071,395,441
Gulec and Whittaker (2009),1501.14,1998.98,80,200,200,19,395,395,392,0.0053,0.0053,0.0143,395,480
Gulec and Whittaker (2009),1501.14,1998.98,80,200,200,19,395,395,392,0.008,0.008,0.0214,395,541
Gulec and Whittaker (2009),1501.14,1998.98,80,200,200,21,395,395,392,0.008,0.008,0.0143,393,510
Gulec and Whittaker (2009),1501.14,1998.98,120,200,200,20,356,356,378,0.0053,0.0053,0.0143,381,738
Gulec and Whittaker (2009),500.38,1000.76,100,100,100,27,467,467,467,0.0057,0.0043,0.0043,324,299
Gulec and Whittaker (2009),500.38,1000.76,100,100,100,25,491,491,491,0.0071,0.0071,0.0071,0,315
Gulec and Whittaker (2009),500.38,1000.76,100,100,100,34,491,491,491,0.0071,0.0071,0.0071,0,324
Gulec and Whittaker (2009),749.3,1000.76,100,100,100,29,453,453,453,0.0118,0.0127,0.0127,0,336
Gulec and Whittaker (2009),500.38,1000.76,100,100,100,26,483,483,483,0.0057,0.0043,0.0043,0,210
Gulec and Whittaker (2009),500.38,1000.76,100,100,100,27,483,483,483,0.0057,0.0043,0.0043,0,189
Gulec and Whittaker (2009),500.38,1000.76,100,100,100,26,483,483,483,0.0057,0.0043,0.0043,0,179
Gulec and Whittaker (2009),500.38,1000.76,100,100,100,26,481,481,481,0.0103,0.0077,0.0077,0,279
Gulec and Whittaker (2009),500.38,1000.76,100,100,100,27,481,481,481,0.0103,0.0077,0.0077,0,272
Gulec and Whittaker (2009),500.38,1000.76,100,100,100,27,481,481,481,0.0103,0.0077,0.0077,0,242
Gulec and Whittaker (2009),500.38,1000.76,100,100,100,28,481,481,481,0.0103,0.0077,0.0077,0,276
Gulec and Whittaker (2009),500.38,1000.76,100,100,100,26,467,432,432,0.0057,0.0079,0.0079,0,248
Gulec and Whittaker (2009),500.38,1000.76,100,100,100,27,467,453,453,0.0057,0.0076,0.0076,0,270
Gulec and Whittaker (2009),500.38,1000.76,100,100,100,26,467,432,432,0.0057,0.0079,0.0079,0,222
Gulec and Whittaker (2009),500.38,1000.76,100,100,100,26,467,448,448,0.0057,0.0078,0.0078,0,248
Gulec and Whittaker (2009),500.38,1000.76,100,100,100,32,0,453,453,0,0.0076,0.0076,0,243
Gulec and Whittaker (2009),500.38,1000.76,100,100,100,31,467,453,453,0.0114,0.0076,0.0076,0,313
Gulec and Whittaker (2009),749.3,1000.76,100,100,100,26,467,432,432,0.0057,0.0079,0.0079,0,222
Gulec and Whittaker (2009),749.3,1000.76,100,100,100,26,467,453,453,0.0057,0.0076,0.0076,0,221
Gulec and Whittaker (2009),749.3,1000.76,100,100,100,26,467,432,432,0.0057,0.0079,0.0079,0,180
Gulec and Whittaker (2009),749.3,1000.76,100,100,100,26,467,448,448,0.0057,0.0078,0.0078,0,219
Gulec and Whittaker (2009),749.3,1000.76,100,100,100,25,0,453,453,0,0.0076,0.0076,0,157
Gulec and Whittaker (2009),749.3,1000.76,100,100,100,21,467,453,453,0.0057,0.0076,0.0076,0,211
Gulec and Whittaker (2009),1200,2180,80,180,180,27,412,412,387,0.012,0.012,0.0289,398,1088
Gulec and Whittaker (2009),1200,2180,80,180,180,38,412,412,387,0.012,0.012,0.0289,400,1334
Gulec and Whittaker (2009),1200,2180,80,180,180,58,412,412,387,0.012,0.012,0.0289,366,1461
Gulec and Whittaker (2009),1200,2180,80,180,180,37,412,412,387,0.006,0.006,0.0289,389,1236
Gulec and Whittaker (2009),1200,2180,80,180,180,26,412,412,387,0.02,0.02,0.0289,438,1137
Gulec and Whittaker (2009),1200,2180,80,180,180,37,412,412,387,0.02,0.02,0.0289,389,1461
Gulec and Whittaker (2009),1200,2180,80,180,180,58,412,412,387,0.02,0.02,0.0289,366,1677
Gupta and Rangan (1998),1100,1000,75,100,375,79,578,545,532,0.0052,0.007,0.021,0,428
Gupta and Rangan (1998),1100,1000,75,100,375,65,578,545,533,0.0052,0.007,0.0304,614,720
Gupta and Rangan (1998),1100,1000,75,100,375,69,578,545,532,0.0052,0.007,0.0387,1211,851
Gupta and Rangan (1998),1100,1000,75,100,375,75,578,533,532,0.0052,0.0119,0.0315,0,600
Gupta and Rangan (1998),1100,1000,75,100,375,73,578,533,531,0.0052,0.0119,0.0399,591,790
Gupta and Rangan (1998),1100,1000,75,100,375,71,578,533,532,0.0052,0.0119,0.0446,1150,970
Gupta and Rangan (1998),1100,1000,75,100,375,71,545,545,533,0.0106,0.007,0.0304,575,800
Gupta and Rangan (1998),1100,1000,75,100,375,61,578,545,561,0.0052,0.007,0.0084,329,487
Han et al. (2002),2000,1500,200,200,200,28,335,335,395,0.0029,0.0032,0.0128,840,443
Hidalgo et al. (2002),2000,1000,120,100,120,19,392,392,471,0.0013,0.0025,0.085,0,198
Hidalgo et al. (2002),2000,1000,120,100,120,20,402,402,471,0.0025,0.0025,0.085,0,270
Hidalgo et al. (2002),2000,1000,120,100,120,20,402,402,471,0.0038,0.0025,0.1057,0,324
Hidalgo et al. (2002),1801,1300,120,130,120,18,314,314,471,0.0013,0.0026,0.0653,0,309
Hidalgo et al. (2002),1801,1300,120,130,120,18,471,471,471,0.0025,0.0013,0.0653,0,364
Hidalgo et al. (2002),1801,1300,120,130,120,16,471,471,471,0.0025,0.0026,0.0653,0,374
Hidalgo et al. (2002),1801,1300,100,130,100,18,366,366,471,0.0026,0.0026,0.0701,0,258
Hidalgo et al. (2002),1801,1300,80,130,80,16,367,367,471,0.0025,0.0025,0.0731,0,187
Hidalgo et al. (2002),1400,1400,100,140,100,16,362,362,471,0.0013,0.0026,0.0571,0,235
Hidalgo et al. (2002),1400,1400,100,140,100,17,366,366,471,0.0026,0.0013,0.0571,0,304
Hidalgo et al. (2002),1400,1400,100,140,100,18,370,370,471,0.0026,0.0026,0.0571,0,289
Hidalgo et al. (2002),1199,1700,80,170,80,17,366,366,471,0.0013,0.0025,0.0441,0,255
Hidalgo et al. (2002),1199,1700,80,170,80,19,366,366,471,0.0025,0.0013,0.0441,0,368
Hidalgo et al. (2002),1199,1700,80,170,80,19,366,366,471,0.0025,0.0025,0.0441,0,362
Hidalgo et al. (2002),1801,1300,100,130,100,24,0,0,471,0,0,0.0462,0,258
Hidalgo et al. (2002),1801,1300,100,130,100,17,0,0,471,0,0,0.0462,0,222
Hidalgo et al. (2002),1801,1300,100,130,100,24,431,431,471,0.0025,0,0.0854,0,333
Hidalgo et al. (2002),1801,1300,100,130,100,24,0,431,471,0,0.0025,0.0462,0,232
Hidalgo et al. (2002),1400,1400,100,140,100,24,0,0,471,0,0,0.0429,0,352
Hidalgo et al. (2002),1400,1400,100,140,100,18,0,0,471,0,0,0.0429,0,262
Hidalgo et al. (2002),1400,1400,100,140,100,24,431,0,471,0.0025,0,0.065,0,491
Hidalgo et al. (2002),1400,1400,100,140,100,23,0,431,471,0,0.0025,0.0429,0,258
Hidalgo et al. (2002),1049,1501,80,150,80,23,0,0,471,0,0,0.05,0,400
Hidalgo et al. (2002),1049,1501,80,150,80,18,0,0,471,0,0,0.05,0,356
Hidalgo et al. (2002),1049,1501,80,150,80,23,431,0,471,0.0025,0,0.0667,0,391
Hidalgo et al. (2002),1049,1501,80,150,80,23,0,448,471,0,0.0025,0.05,0,344
Hirosawa (1975),1520,2720.34,80,320,320,20,353,353,363,0.0076,0.0071,0.0174,0,931
Hirosawa (1975),1520,2720.34,80,320,320,26,353,353,363,0.0076,0.0071,0.0174,0,1029
Hirosawa (1975),1520,2720.34,80,320,320,24,353,353,272,0.0076,0.0071,0.0648,0,1495
Hirosawa (1975),1750.06,2250.44,80,250,250,26,624,624,359,0.0047,0.0049,0.0081,345,654
Hirosawa (1975),1750.06,2250.44,80,250,250,25,624,624,359,0.0014,0.0016,0.0081,398,522
Hirosawa (1975),1750.06,2250.44,80,250,250,26,624,624,359,0.0014,0.0016,0.0081,345,524
Hirosawa (1975),1750.06,2250.44,50,250,250,25,624,624,359,0.0022,0.0026,0.0081,372,467
Hirosawa (1975),749.3,2250.44,50,250,250,26,624,624,359,0.0076,0.0079,0.0081,387,783
Hirosawa (1975),1198.88,2300,78,250,250,23,335,467,467,0.0018,0.0018,0.0255,0,965
Hirosawa (1975),1198.88,2300,75,250,250,33,335,467,467,0.0019,0.0019,0.0254,0,931
Hirosawa (1975),1198.88,1550,80,250,250,17,485,467,467,0.0018,0.0019,0.0321,0,343
Hirosawa (1975),1198.88,1550,80,250,250,17,485,467,467,0.0018,0.0019,0.0255,0,470
Hirosawa (1975),1325,2301.24,74,250,250,24,549,549,419,0.0018,0.0018,0.0254,0,834
Hirosawa (1975),1325,2301.24,83,250,250,25,461,461,419,0.0007,0.0007,0.0254,0,804
Hirosawa (1975),1620,3959.86,120,360,360,21,572,572,397,0.0066,0.0066,0.0177,1225,2353
Hirosawa (1975),1620,3959.86,120,360,360,21,572,572,397,0.0066,0.0066,0.0177,2313,2942
Hirosawa (1975),1620,3959.86,120,360,360,21,572,572,397,0.0066,0.0066,0.0177,1497,3138
Hirosawa (1975),1620,3959.86,120,360,360,20,572,572,397,0.0033,0.0033,0.0177,907,1814
Hirosawa (1975),1620,3959.86,120,360,360,21,572,572,397,0.0033,0.0033,0.0177,953,1912
Hirosawa (1975),1620,3959.86,120,360,360,20,284,284,397,0.0066,0.0069,0.0177,1037,2138
Hirosawa (1975),1620,3959.86,120,360,360,20,284,284,397,0.0066,0.0069,0.0177,1037,1981
Hirosawa (1975),1620,3959.86,120,360,360,21,397,397,397,0.0074,0.0077,0.0177,1225,2305
Hirosawa (1975),899.16,508,67,120,120,30,296,296,261,0.0189,0.0197,0.0396,0,101
Hirosawa (1975),899.16,508,67,120,120,31,296,296,302,0.0189,0.0197,0.0827,0,162
Hirosawa (1975),899.16,508,67,120,120,30,296,296,261,0.0258,0.0253,0.0396,0,109
Hirosawa (1975),899.16,508,67,120,120,32,296,296,302,0.0258,0.0253,0.0827,0,174
Hirosawa (1975),406.4,508,67,120,120,30,296,296,261,0.0189,0.0197,0.0395,0,195
Hirosawa (1975),406.4,508,67,120,120,29,296,296,302,0.0189,0.0197,0.0827,0,184
Hirosawa (1975),1700,1700,160,170,160,17,419,407,376,0.0026,0.0051,0.0568,509,772
Hirosawa (1975),1700,1700,160,170,160,21,419,407,376,0.0026,0.0051,0.0568,514,775
Hirosawa (1975),1700,1700,160,170,160,21,421,407,376,0.0057,0.0051,0.0568,514,790
Hirosawa (1975),1700,1700,160,170,160,14,421,407,376,0.0057,0.0051,0.0568,533,812
Hirosawa (1975),1700,1700,160,170,160,15,415,407,376,0.0108,0.0051,0.0568,530,794
Hirosawa (1975),1700,1700,160,170,160,18,415,407,376,0.0108,0.0051,0.0568,539,875
Hirosawa (1975),1700,1700,160,170,160,21,421,407,382,0.0061,0.0051,0.0251,514,662
Hirosawa (1975),1700,1700,160,170,160,14,421,407,382,0.0061,0.0051,0.0251,533,591
Hirosawa (1975),1700,1700,160,170,160,15,415,407,382,0.0108,0.0051,0.0251,530,657
Hirosawa (1975),1700,1700,160,170,160,18,415,407,382,0.0108,0.0051,0.0251,539,713
Hirosawa (1975),1700,850,160,85,160,21,421,407,381,0.0057,0.004,0.0991,257,318
Hirosawa (1975),1700,850,160,85,160,18,421,407,381,0.0057,0.004,0.0991,269,304
Hirosawa (1975),1700,850,160,85,160,18,415,407,378,0.0108,0.004,0.0844,269,319
Hirosawa (1975),1700,850,160,85,160,21,415,407,378,0.0108,0.004,0.0844,257,336
Hirosawa (1975),880,1000,40,80,80,16,237,237,242,0.0033,0.0033,0.008,0,46
Hirosawa (1975),880,1000,40,80,80,16,237,237,242,0.0046,0.0046,0.008,0,52
Hirosawa (1975),880,1000,30,80,80,12,237,237,237,0.0044,0.0044,0.038,0,76
Hirosawa (1975),400,900,100,90,100,30,224,224,224,0.001,0.001,0.05,0,254
Hirosawa (1975),400,900,100,90,100,29,224,224,224,0.001,0.001,0.05,0,204
Hirosawa (1975),400,900,70,100,100,29,280,224,224,0.005,0.001,0.05,0,294
Hirosawa (1975),400,900,70,100,100,29,280,224,224,0.005,0.001,0.05,0,282
Hirosawa (1975),400,900,40,100,100,29,280,224,224,0.01,0.002,0.05,0,231
Hirosawa (1975),400,900,40,100,100,29,280,224,224,0.01,0.002,0.05,0,210
Hirosawa (1975),400,900,40,100,100,29,224,280,224,0.002,0.01,0.05,0,210
Hirosawa (1975),400,900,40,100,100,29,224,280,224,0.002,0.01,0.05,0,207
Hirosawa (1975),860,800,60,86,60,24,433,433,333,0.0023,0.0022,0.0492,0,102
Hirosawa (1975),860,800,60,86,60,24,433,433,343,0.0082,0.0073,0.0547,0,147
Hirosawa (1975),860,800,60,86,60,24,433,433,343,0.0041,0.0044,0.0771,0,135
Hirosawa (1975),860,800,60,86,60,24,433,433,345,0.0082,0.0073,0.0825,0,159
Hirosawa (1975),860,800,60,86,60,24,433,433,345,0.0117,0.0117,0.0825,0,175
Hirosawa (1975),860,1200,60,120,60,25,433,433,333,0.0023,0.0024,0.0352,0,160
Hirosawa (1975),860,1200,60,120,60,25,433,433,343,0.0082,0.0078,0.0391,0,235
Hirosawa (1975),860,1200,60,120,60,25,433,433,343,0.0041,0.0044,0.0552,0,220
Hirosawa (1975),860,1200,60,120,60,25,433,433,345,0.0082,0.0078,0.0591,0,269
Hirosawa (1975),860,1200,60,120,60,25,433,433,345,0.0117,0.0117,0.0591,0,275
Hirosawa (1975),860,1200,60,120,60,26,433,433,433,0.0023,0.0022,0.0353,0,199
Hirosawa (1975),860,1600,60,160,60,26,433,433,343,0.0082,0.008,0.0294,0,322
Hirosawa (1975),860,1600,60,160,60,26,433,433,345,0.0041,0.0037,0.0444,0,279
Hirosawa (1975),860,1600,60,160,60,26,433,433,345,0.0082,0.008,0.0444,0,382
Hirosawa (1975),860,1600,60,160,60,26,433,433,351,0.0117,0.0117,0.0473,0,422
Hube et al. (2017),1750,1600,100,300,100,29,604,604,438,0.002,0.002,0.0402,0,349
Hube et al. (2017),1750,1600,100,300,100,29,604,604,438,0.002,0.002,0.0134,0,233
Hube et al. (2017),1750,1600,100,300,100,29,601,601,438,0.0026,0.0026,0.0402,0,471
Hube et al. (2017),1750,1600,100,300,100,29,632,632,438,0.0014,0.0014,0.0402,0,403
Hube et al. (2017),1750,1600,100,300,100,29,446,446,438,0.002,0.002,0.0402,0,357
Hube et al. (2017),1750,1600,100,300,100,29,446,446,438,0.0014,0.0014,0.0402,0,416
Hube et al. (2017),1750,1600,80,300,80,29,604,604,438,0.0068,0.0025,0.0335,0,324
Hube et al. (2017),1750,1600,80,300,80,29,632,632,438,0.0048,0.0017,0.0335,0,292
Hube et al. (2017),1750,1600,80,300,80,29,446,446,438,0.0025,0.0025,0.0335,0,336
Kabeyasawa and Hiraishi (1998),2261,1700,80,200,200,56,1001,848,776,0.0025,0.0065,0.0214,1030,714
Kabeyasawa and Hiraishi (1998),2261,1700,80,200,200,65,792,792,1009,0.002,0.002,0.0508,1555,1101
Kabeyasawa and Hiraishi (1998),2261,1700,80,200,200,71,792,792,1009,0.0035,0.0035,0.0508,1568,1208
Kabeyasawa and Hiraishi (1998),2261,1700,80,200,200,72,792,792,1009,0.0053,0.0053,0.0508,1590,1360
Kabeyasawa and Hiraishi (1998),2261,1700,80,200,200,103,792,792,1009,0.0053,0.0053,0.0508,2653,1656
Kabeyasawa and Hiraishi (1998),2261,1700,80,200,200,74,1420,1420,1009,0.0066,0.0066,0.0508,1634,1353
Kabeyasawa and Hiraishi (1998),2261,1700,80,200,200,72,792,792,1009,0.01,0.01,0.0508,1590,1478
Kabeyasawa and Hiraishi (1998),2261,1700,80,200,200,76,792,792,1009,0.0145,0.0145,0.0508,1538,1638
Kuang and Ho (2008),1350,1200,100,210,100,35,520,520,520,0.0084,0.0032,0.0224,294,455
Kuang and Ho (2008),1950,1200,100,210,100,34,520,520,520,0.0084,0.0032,0.0224,286,304
Kuang and Ho (2008),1350,1200,100,240,100,31,520,520,520,0.0084,0.0048,0.0131,260,415
Kuang and Ho (2008),1950,1200,100,240,100,34,520,520,520,0.0084,0.0048,0.0131,286,280
Kuang and Ho (2008),1350,1200,100,240,100,34,520,520,520,0.0084,0.0048,0.0131,286,368
Kuang and Ho (2008),1350,1200,100,120,100,30,520,520,520,0.0105,0.0092,0.0092,252,360
Kuang and Ho (2008),1950,1200,100,120,100,35,520,520,520,0.0084,0.0092,0.0092,294,277
Lefas et al. (1990),825,750,70,140,70,42,520,470,470,0.011,0.024,0.031,0,260
Lefas et al. (1990),825,750,70,140,70,43,520,470,470,0.011,0.024,0.031,226,340
Lefas et al. (1990),825,750,70,140,70,32,520,470,470,0.011,0.024,0.031,336,330
Lefas et al. (1990),825,750,70,140,70,34,520,470,470,0.011,0.024,0.031,0,265
Lefas et al. (1990),825,750,70,140,70,35,520,470,470,0.011,0.024,0.031,184,320
Lefas et al. (1990),825,750,70,140,70,41,520,470,470,0.011,0.024,0.031,431,355
Lefas et al. (1990),825,750,70,140,70,39,520,470,470,0.011,0.024,0.031,0,247
Lefas et al. (1990),1375,650,65,140,65,34,520,470,470,0.008,0.025,0.033,0,127
Lefas et al. (1990),1375,650,65,140,65,40,520,470,470,0.008,0.025,0.033,169,150
Lefas et al. (1990),1375,650,65,140,65,38,520,470,470,0.008,0.025,0.033,321,180
Lefas et al. (1990),1375,650,65,140,65,39,520,470,470,0.008,0.025,0.033,0,120
Lefas et al. (1990),1375,650,65,140,65,36,520,470,470,0.008,0.025,0.033,304,150
Lefas et al. (1990),1375,650,65,140,65,24,520,470,470,0.008,0.025,0.033,0,123
Lefas and Kotsovos (1990),1375,650,65,140,65,28,520,470,470,0.0035,0.015,0.033,0,116
Lefas and Kotsovos (1990),1375,650,65,140,65,43,520,470,470,0.0035,0.015,0.033,0,111
Lefas and Kotsovos (1990),1375,650,65,140,65,31,520,470,470,0.0035,0.015,0.033,0,83
Lefas and Kotsovos (1990),1375,650,65,140,65,39,520,470,470,0.0035,0.015,0.033,0,112
Lefas and Kotsovos (1990),1375,650,65,140,65,30,520,470,470,0.0035,0.015,0.033,0,94
Li et al. (2015),2250,2000,120,150,300,42,427,427,308,0.005,0.005,0.014,617,580
Li et al. (2015),2250,2000,120,150,300,35,427,427,308,0.005,0.005,0.014,515,524
Li et al. (2015),2250,2000,120,150,300,36,427,427,308,0.005,0.005,0.014,529,520
Li et al. (2015),3250,2000,120,150,300,41,427,427,308,0.005,0.005,0.014,603,425
Li et al. (2015),3250,2000,120,150,300,40,427,427,308,0.005,0.005,0.014,588,410
Liang et al. (2013),1900,1000,100,200,200,77,474,424,460,0.0101,0.0101,0.0339,3018,739
Liang et al. (2013),1900,1000,100,200,200,77,474,424,460,0.0101,0.0101,0.0339,2264,649
Liang et al. (2013),1300,1000,100,200,200,77,474,424,460,0.0101,0.0101,0.0339,2264,915
Liang et al. (2013),1300,1000,100,200,200,77,474,424,460,0.0101,0.0101,0.0339,2264,902
Liang et al. (2013),800,1000,100,200,200,77,474,424,460,0.0101,0.0101,0.0339,2264,1179
Liang et al. (2013),800,1000,100,200,200,77,474,424,460,0.0101,0.0101,0.0339,2264,1072
Looi et al. (2017),1000,800,80,80,80,29,289,601,601,0.0144,0.0196,0.0245,223,252
Looi et al. (2017),1000,800,80,80,80,26,289,601,601,0.0144,0.0196,0.0245,366,245
Looi et al. (2017),1000,800,80,80,80,28,289,601,601,0.0144,0.0196,0.0245,681,249
Looi et al. (2017),1000,800,80,80,80,28,289,601,601,0.0144,0.0196,0.0245,789,250
Luna et al. (2015),1646,3048,203,406,203,35,462,462,462,0.0067,0.0067,0.015,0,1850
Luna et al. (2015),1646,3048,203,406,203,35,462,462,462,0.0033,0.0033,0.02,0,1737
Luna et al. (2015),2867,3050,203,305,203,25,462,462,462,0.0067,0.0067,0.0067,0,1116
Luna et al. (2015),1647,3050,203,305,203,48,434,434,434,0.0096,0.0096,0.0096,0,2342
Luna et al. (2015),1647,3050,203,305,203,54,434,434,434,0.0071,0.0071,0.0071,0,1888
Luna et al. (2015),1647,3050,203,305,203,29,462,462,462,0.0034,0.0034,0.0034,0,983
Luna et al. (2015),1006.5,3050,203,305,203,30,462,462,462,0.0096,0.0096,0.0096,0,2831
Luna et al. (2015),1006.5,3050,203,305,203,26,462,462,462,0.0071,0.0071,0.0071,0,2184
Luna et al. (2015),1006.5,3050,203,305,203,26,462,462,462,0.0034,0.0034,0.0034,0,1323
Luna et al. (2015),1647,3050,203,305,203,24,462,462,462,0.015,0.015,0.015,0,2600
Luna et al. (2015),1647,3050,203,305,203,30,462,462,462,0.0071,0.015,0.015,0,2791
Luna et al. (2015),1647,3050,203,305,203,32,462,462,462,0.0034,0.015,0.015,0,2275
Ma and Li (2018),1200,1500,100,100,1500,36,335,554,554,0.0071,0.0097,0.0126,0,890
Ma and Li (2018),1200,1500,100,100,1500,36,335,554,554,0.0071,0.0097,0.0126,155,975
Maier (1991),1199,1181,100,100,400,38,574,574,574,0.0103,0.0116,0.0113,1760,928
Maier (1991),1199,1181,100,100,400,37,574,574,530,0.0103,0.0246,0.0255,461,977
Maier (1991),1199,1181.1,100,100,400,37,574,574,574,0.0101,0.0113,0.0113,395,682
Maier (1991),1199,1181.1,100,100,400,36,537,479,479,0.0057,0.0113,0.0113,449,667
Maier (1991),1199,1181.1,100,100,400,34,555,555,555,0.0101,0.0113,0.0113,1635,855
Mansur et al. (1992),600,1000,60,100,200,34,327,327,460,0.0063,0.0063,0.0314,0,397
Mansur et al. (1992),600,1000,60,100,200,31,429,429,460,0.0055,0.0055,0.0314,0,400
Mansur et al. (1992),600,1000,60,100,200,31,429,429,460,0.0055,0.0055,0.0314,0,379
Mansur et al. (1992),600,1000,60,100,200,37,359,359,460,0.0062,0.0062,0.0314,0,414
Mansur et al. (1992),600,1000,60,100,200,32,359,359,460,0.0031,0.0031,0.0314,0,346
Massone (2010),760,1520,152,152,152,26,424,424,448,0.0028,0.0043,0.0348,0,703
Massone (2010),760,1520,152,152,152,44,424,424,448,0.0028,0.0043,0.0348,0,801
Massone (2010),760,1520,152,152,152,31,424,424,448,0.0028,0.004,0.0144,0,467
Massone (2010),760,1520,152,152,152,31,424,424,424,0.0028,0.004,0.0115,0,520
Massone (2010),610,1370,152,137,152,30,424,424,424,0.0028,0.0023,0.0127,0,405
Massone (2010),610,1370,152,137,152,32,424,424,424,0.0028,0.0023,0.0127,333,654
Massone (2010),610,1370,152,137,152,32,424,424,424,0.0028,0.0023,0.0127,333,707
Massone (2010),610,1370,152,137,152,28,424,424,424,0.0028,0.0023,0.0127,583,753
Massone (2010),610,1370,152,137,152,31,424,424,424,0.0028,0.0023,0.0127,646,819
Matsui et al. (2004),2760,2000,80,200,200,28,377,377,434,0.004,0.004,0.0398,349,686
Mo and Chan (1996),650,860,70,80,170,32,302,302,302,0.0081,0.0052,0.0209,0,205
Mo and Chan (1996),650,860,70,80,170,32,302,302,302,0.0081,0.0052,0.0209,0,247
Mo and Chan (1996),650,860,70,80,170,32,302,302,302,0.0081,0.0052,0.0209,0,202
Mo and Chan (1996),650,860,70,80,170,30,443,443,443,0.0081,0.0052,0.0209,0,255
Mo and Chan (1996),650,860,70,80,170,30,443,443,443,0.0081,0.0052,0.0209,0,204
Mo and Chan (1996),650,860,70,80,170,31,443,443,443,0.0081,0.0052,0.0209,0,205
Mo and Chan (1996),650,860,70,80,170,38,302,302,302,0.0081,0.0052,0.0209,0,223
Mo and Chan (1996),650,860,70,80,170,38,302,302,302,0.0081,0.0052,0.0209,0,231
Mo and Chan (1996),650,860,70,80,170,40,302,302,302,0.0081,0.0052,0.0209,0,250
Mo and Chan (1996),650,860,70,80,170,18,302,302,302,0.0081,0.0052,0.0209,0,193
Mo and Chan (1996),650,860,70,80,170,18,302,302,302,0.0081,0.0052,0.0209,0,217
Mo and Chan (1996),650,860,70,80,170,30,302,302,302,0.0081,0.0052,0.0209,0,203
Mo and Chan (1996),650,860,70,80,170,31,443,443,443,0.0081,0.0052,0.0209,0,246
Mo and Chan (1996),650,860,70,80,170,30,443,443,443,0.0081,0.0052,0.0209,0,200
Mo and Chan (1996),650,860,70,80,170,30,443,443,443,0.0081,0.0052,0.0209,0,210
Mo and Chan (1996),650,860,70,80,170,39,443,443,443,0.0081,0.0052,0.0209,0,219
Mo and Chan (1996),650,860,70,80,170,37,443,443,443,0.0081,0.0052,0.0209,0,205
Mo and Chan (1996),650,860,70,80,170,35,443,443,443,0.0081,0.0052,0.0209,0,210
Mo and Chan (1996),650,860,70,80,170,66,302,302,302,0.0081,0.0052,0.0209,0,250
Mo and Chan (1996),650,860,70,80,170,66,302,302,302,0.0081,0.0052,0.0209,0,227
Mo and Kuo (1998),425,400,30,50,130,15,259,259,226,0.0031,0.0048,0.078,0,30
Mo and Kuo (1998),425,400,30,50,130,16,259,259,226,0.0031,0.0048,0.078,0,30
Mo and Kuo (1998),425,400,30,50,130,16,259,259,226,0.0031,0.0048,0.078,0,33
Mo and Kuo (1998),425,400,30,50,130,18,259,259,226,0.0031,0.0048,0.078,0,28
Mohammadi-Doostdar (1994),1637.5,2000,100,320,100,45,450,450,450,0.0024,0.0034,0.0089,0,380
Mohammadi-Doostdar (1994),1637.5,1500,100,360,100,45,450,450,450,0.0024,0.0037,0.0079,0,225
Mun et al. (2017),900,1200,170,250,250,21,508,508,475,0.0046,0.0046,0.0165,512,1052
Mun et al. (2017),900,1200,170,250,250,21,508,508,475,0.0046,0.0046,0.0165,512,995
Mun et al. (2017),900,1200,170,250,250,40,508,508,475,0.0046,0.0046,0.0165,683,1142
Mun et al. (2017),900,1200,170,250,250,40,508,508,475,0.0092,0.0092,0.0165,683,1201
Ni et al. (2019),2000,1000,100,220,100,41,642,641,617,0.0033,0.0033,0.0543,328,394
OECD (1996),2020,3100,75,100,2980,29,391,391,391,0.012,0.012,0.0044,944,1636
OECD (1996),2019.3,3100,75,100,2980,29,391,391,391,0.012,0.012,0.0044,944,1618
Oh et al. (2002),2250,1500,200,200,200,28,342,342,449,0.0028,0.0032,0.0133,840,442
Oh et al. (2002),2250,1500,200,200,200,28,342,342,449,0.0028,0.0032,0.0133,840,425
Oh et al. (2002),2250,1500,200,240,240,28,342,342,342,0.0028,0.0032,0.0109,894,352
Okamoto (1990),1280,1729,120,120,800,82,560,560,560,0.0079,0.0079,0.0089,608,1516
Okamoto (1990),1280,1729,120,120,800,82,347,347,347,0.0119,0.0119,0.0119,608,1479
Okamoto (1990),1280,1729,120,120,800,82,792,792,792,0.0091,0.0091,0.0091,608,2066
Okamoto (1990),1280,1729,120,120,800,82,560,560,560,0.0119,0.0119,0.0119,608,2015
Okamoto (1990),1280,1729,120,120,800,102,792,792,792,0.0091,0.0091,0.0091,756,2128
Okamoto (1990),1280,1729,120,120,800,102,792,792,792,0.0119,0.0119,0.0119,756,2483
Okamoto (1990),1280,1720,120,120,800,82,792,792,792,0.0091,0.0091,0.0089,606,2066
Okamoto (1990),1280,1720,120,120,800,102,792,792,792,0.0091,0.0091,0.0089,754,2128
Palermo and Vecchio (2002),2340,2885,75,95,3045,22,605,605,605,0.0076,0.0082,0.0062,859,1277
Palermo and Vecchio (2002),2340,2885,75,95,3045,19,605,605,605,0.0076,0.0082,0.0062,0,891
Park et al. (2015),1750,1500,200,300,200,47,667,653,617,0.0051,0.0066,0.0957,987,2158
Park et al. (2015),1750,1500,200,300,200,47,477,653,617,0.007,0.0066,0.0957,987,2298
Park et al. (2015),1750,1500,200,300,200,70,667,653,617,0.0051,0.0066,0.0957,1470,2085
Park et al. (2015),1750,1500,200,200,200,46,667,653,617,0.0025,0.0036,0.0957,966,1478
Park et al. (2015),1750,1500,200,200,200,70,667,653,617,0.0025,0.0036,0.0957,1470,1876
Park et al. (2015),1750,1500,200,200,200,46,667,653,617,0.0025,0.0036,0.0957,966,1916
Park (1989),1750,1500,200,200,300,47,667,653,617,0.0051,0.0054,0.097,1119,2545
Parulekar et al. (2016),3250,1560,200,156,200,37,438,438,438,0.0024,0.0036,0.0036,346,210
Parulekar et al. (2016),3250,1560,200,156,200,36,424,424,424,0.0024,0.0036,0.0036,337,185
Parulekar et al. (2016),3250,1560,200,156,200,37,420,420,420,0.0024,0.0036,0.0036,346,182
Parulekar et al. (2016),3250,1560,200,156,200,37,410,410,410,0.0024,0.0036,0.0036,346,171
Parulekar et al. (2016),3250,1560,200,156,200,36,430,430,430,0.0024,0.0036,0.0036,337,171
Pilakoutas and Elnashai (1995),1200,600,60,110,60,37,550,550,500,0.0039,0.005,0.0686,0,105
Pilakoutas and Elnashai (1995),1200,600,60,60,60,32,400,550,540,0.0031,0.0059,0.1275,0,112
Pilakoutas and Elnashai (1995),1200,600,60,110,60,39,400,550,500,0.0031,0.005,0.0686,0,108
Pilakoutas and Elnashai (1995),1200,600,60,60,60,32,550,550,540,0.0039,0.0059,0.1275,0,129
Pilakoutas and Elnashai (1995),1200,600,60,110,60,46,400,550,540,0.0028,0.005,0.0714,0,95
Pilakoutas and Elnashai (1995),1200,600,60,110,60,39,400,550,540,0.0056,0.005,0.0714,0,98
Pilette (1987),1160,2000,100,260,100,33,480,480,480,0.0057,0.0033,0.0109,0,400
Pilette (1987),1160,2000,100,260,100,27,480,480,480,0.0081,0.0065,0.0109,0,600
Riva and Franchi (2001),2500,1300,150,260,150,40,450,450,450,0.0067,0.0067,0.0237,0,400
Riva and Franchi (2001),2500,1300,150,240,150,40,450,450,450,0.0067,0.0067,0.0257,0,405
Riva and Franchi (2001),2500,1300,150,240,150,40,450,450,450,0.0067,0.0067,0.0257,0,480
Rocks (2012),2867,3050,203,305,203,25,414,414,414,0.0067,0.0067,0.0067,0,1121
Rocks (2012),1647,3050,203,305,203,48,414,414,414,0.01,0.01,0.01,0,2504
Rocks (2012),1647,3050,203,305,203,54,414,414,414,0.0067,0.0067,0.0067,0,2082
Rocks (2012),1647,3050,203,305,203,29,414,414,414,0.0033,0.0033,0.0033,0,1005
Rothe (1992),1200,800,50,150,150,31,420,420,420,0.0041,0.0057,0.0113,0,85
Rothe (1992),1200,800,50,150,150,30,420,420,420,0.0041,0.0057,0.0201,0,129
Rothe (1992),1200,800,50,150,150,34,420,420,420,0.0041,0.0057,0.0201,0,117
Rothe (1992),1200,800,50,150,150,31,420,420,420,0.0041,0.0057,0.0113,217,137
Rothe (1992),1200,800,50,150,150,31,420,420,420,0.0041,0.0057,0.0201,152,144
Rothe (1992),1200,800,50,150,150,27,420,420,420,0.0041,0.0057,0.0113,0,94
Rothe (1992),1200,800,80,150,80,24,420,420,420,0.0051,0.0071,0.0141,0,107
Rothe (1992),1200,800,80,150,80,29,0,420,420,0,0.0071,0.0141,0,90
Rothe (1992),1200,800,80,150,80,24,420,420,420,0.0051,0.0071,0.0251,0,127
Rothe (1992),1200,800,80,150,80,27,500,500,500,0.0051,0.0071,0.0141,121,129
Saito et al. (1989),1000,2150,150,150,500,25,369,369,369,0.0106,0.0106,0.038,855,2187
Saito et al. (1989),1000,2120,120,120,500,35,369,369,369,0.0132,0.0132,0.0475,726,2658
Saito et al. (1989),1000,2120,120,120,500,38,369,369,369,0.0091,0.0091,0.0475,657,2511
Saito et al. (1989),1000,2120,120,120,500,36,369,369,369,0.017,0.017,0.0475,747,2511
Saito et al. (1989),1000,2120,120,120,500,36,369,369,369,0.0132,0.0132,0.0475,373,2481
Saito et al. (1989),1000,2120,120,120,500,40,369,369,369,0.0132,0.0132,0.0475,691,2668
Saito et al. (1989),2000,2150,150,150,500,26,369,369,369,0.0106,0.0106,0.038,889,1814
Saito et al. (1989),2000,2120,120,120,500,34,369,369,422,0.0132,0.0132,0.0548,353,1648
Salonikios et al. (1999),1900,1200,100,120,100,26,598,610,585,0.0057,0.0057,0.017,0,197
Salonikios et al. (1999),1900,1200,100,120,100,26,610,610,585,0.0028,0.0028,0.013,0,124
Salonikios et al. (1999),1900,1200,100,120,100,24,610,610,585,0.0028,0.0028,0.013,202,176
Salonikios et al. (1999),1900,1200,100,120,100,25,610,610,585,0.0028,0.0028,0.013,0,158
Salonikios et al. (1999),1900,1200,100,120,100,22,610,610,585,0.0028,0.0028,0.013,0,187
Salonikios et al. (1999),1900,1200,100,120,100,28,598,598,585,0.0057,0.0057,0.017,0,202
Salonikios et al. (1999),1300,1200,100,120,100,22,598,598,585,0.0057,0.0057,0.017,0,262
Salonikios et al. (1999),1300,1200,100,120,100,22,610,610,585,0.0028,0.0028,0.013,0,191
Salonikios et al. (1999),1300,1200,100,120,100,24,610,610,585,0.0028,0.0028,0.013,202,268
Salonikios et al. (1999),1300,1200,100,120,100,23,610,610,585,0.0028,0.0028,0.013,0,232
Salonikios et al. (1999),1300,1200,100,120,100,25,610,610,585,0.0028,0.0028,0.013,0,247
Sanada and Kabeyasawa (2006),2050,2050,80,250,250,22,340,340,398,0.0025,0.0025,0.0181,603,712
Sanada and Kabeyasawa (2006),2050,2050,80,250,250,25,340,340,398,0.0025,0.0025,0.0181,623,702
Sato et al. (1989),1600,2150,150,150,1000,38,296,296,422,0.008,0.008,0.0057,1097,1680
Sato et al. (1989),1600,2150,150,150,1000,36,422,422,528,0.006,0.006,0.0048,1247,1740
Sato et al. (1989),1600,2150,150,150,1000,35,528,528,296,0.0048,0.0048,0.0076,1213,1740
Sato et al. (1989),1200,2150,150,150,1000,40,296,296,422,0.008,0.008,0.0057,1155,2100
Sato et al. (1989),1200,2150,150,150,1000,41,422,422,296,0.006,0.006,0.0057,1184,2190
Sato et al. (1989),2400,2150,150,150,1000,36,296,296,422,0.0116,0.0116,0.0447,1247,2490
Sato et al. (1989),2400,2150,150,150,1000,34,422,422,528,0.009,0.009,0.045,1178,2490
Sato et al. (1989),2400,2150,150,150,1000,37,528,528,528,0.0072,0.0072,0.036,1068,2430
Sato et al. (1989),1600,2150,150,150,1000,25,296,296,422,0.0116,0.0116,0.0086,1155,1800
Sato et al. (1989),1600,2150,150,150,1000,28,422,422,296,0.009,0.009,0.0114,1132,1830
Sato et al. (1989),1600,2150,150,150,1000,39,296,296,422,0.0116,0.0116,0.0086,1126,1890
Sato et al. (1989),1600,2150,150,150,1000,39,422,422,528,0.009,0.009,0.0067,1126,2040
Sato et al. (1989),1600,2150,150,150,1000,38,528,528,296,0.0072,0.0072,0.0114,1097,1980
Sato et al. (1989),1200,2150,150,150,1000,33,296,296,422,0.0116,0.0116,0.0086,1144,2250
Sato et al. (1989),1200,2150,150,150,1000,35,422,422,296,0.009,0.009,0.0162,1213,2370
Sato et al. (1989),1600,2150,150,150,1000,27,296,296,422,0.0161,0.0161,0.0114,1092,1980
Sato et al. (1989),1600,2150,150,150,1000,28,422,422,528,0.0116,0.0116,0.0095,1132,2040
Sato et al. (1989),1600,2150,150,150,1000,28,528,528,296,0.0096,0.0096,0.0162,1132,2040
Sato et al. (1989),1600,2150,150,150,1000,42,296,296,422,0.0161,0.0161,0.0114,1213,2280
Sato et al. (1989),1600,2150,150,150,1000,43,422,422,528,0.0116,0.0116,0.0095,1242,2340
Sato et al. (1989),1600,2150,150,150,1000,45,528,528,349,0.0096,0.0096,0.0092,1299,2430
Seki et al. (1995),1800,3075,75,75,1500,32,349,349,349,0.012,0.012,0.0123,0,1473
Seki et al. (1995),1800,3075,75,75,1500,30,349,349,381,0.012,0.012,0.0123,400,1671
Seki et al. (1995),2400,3075,75,75,1500,29,381,381,381,0.012,0.012,0.0123,0,1264
Seki et al. (1995),2400,3075,75,75,1500,29,381,381,349,0.012,0.012,0.0123,516,1464
Seki et al. (1995),3000,3075,75,75,1500,30,349,349,349,0.012,0.012,0.0123,0,1032
Seki et al. (1995),3000,3075,75,75,1500,29,349,349,349,0.012,0.012,0.0123,516,1170
Shaingchin et al. (2007),2250,1500,130,250,250,27.3,451,451,548,0.0081,0.0081,0.0257,487,870
Shaingchin et al. (2007),2250,1500,130,250,250,40.3,451,451,548,0.0114,0.0114,0.0257,719,890
Shaingchin et al. (2007),2250,1500,130,250,250,32.9,506,596,596,0.0101,0.0101,0.0257,587,980
Shaingchin et al. (2007),2250,1500,130,250,250,33.7,451,575,548,0.0085,0.0085,0.0257,602,880
Shaingchin et al. (2007),2250,1500,130,250,250,33.9,506,596,596,0.0101,0.0101,0.0257,605,890
Shegay et al. (2018),3750,2250,200,410,200,32.7,507,507,543,0.006,0.0056,0.0245,1324,1232
Shegay et al. (2018),3750,2250,200,410,200,42.6,507,507,543,0.006,0.0056,0.0245,2684,1445
Shegay et al. (2018),3750,2250,200,410,200,43.7,507,507,543,0.006,0.0056,0.0245,3933,1641
Shiga et al. (1973),700,1120,50,120,150,18,294,382,383,0.0025,0.0025,0.0423,0,173
Shiga et al. (1973),700,1120,50,120,150,18,294,382,383,0.0025,0.0025,0.0423,0,184
Shiga et al. (1973),700,1120,50,120,150,16,294,382,383,0.0025,0.0025,0.0423,0,210
Shiga et al. (1973),700,1120,50,120,150,16,294,382,383,0.0025,0.0025,0.0423,0,226
Shiga et al. (1973),700,1120,50,120,150,15,294,382,383,0.0025,0.0025,0.0423,204,334
Shiga et al. (1973),700,1120,50,120,150,15,294,382,383,0.005,0.005,0.0423,0,235
Shiga et al. (1973),700,1120,50,120,150,15,294,382,383,0.005,0.005,0.0423,192,304
Shiga et al. (1973),700,1120,50,120,150,15,294,382,383,0.005,0.005,0.0423,384,282
Shiga et al. (1973),700,1120,50,120,150,17,530,530,383,0.0025,0.0025,0.0423,204,240
Shiga et al. (1973),700,1120,50,120,150,17,530,530,383,0.0025,0.0025,0.0423,204,277
Shiga et al. (1973),700,1120,50,120,150,17,530,530,383,0.0025,0.0025,0.0423,204,332
Shiga et al. (1973),700,1120,50,120,150,17,530,530,383,0.0025,0.0025,0.0423,204,216
Shiga et al. (1973),700,1120,50,120,150,17,530,530,383,0.0025,0.0025,0.0423,204,203
Shiga et al. (1973),700,1120,50,120,150,10,530,530,383,0.0025,0.0025,0.0423,200,193
Sittipunt et al. (2001),2150,1500,100,250,250,37,450,450,465,0.0052,0.0039,0.0229,0,491
Sittipunt et al. (2001),2150,1500,100,250,250,36,450,450,465,0.0079,0.0052,0.0229,0,621
Sittipunt et al. (2001),2150,1500,100,250,250,38,450,450,465,0.0074,0.0074,0.0229,0,569
Sittipunt et al. (2001),2150,1500,100,250,250,36,450,450,465,0.0112,0.0112,0.0229,0,622
Teng and Chandra (2016),1200,1000,100,120,500,103,610,610,630,0.0028,0.0028,0.0388,1009,1209
Teng and Chandra (2016),1200,1000,100,120,500,97,610,578,630,0.0028,0.0075,0.0388,951,1270
Teng and Chandra (2016),1200,1000,100,120,500,111,578,610,630,0.0075,0.0028,0.0388,1088,1458
Teng and Chandra (2016),1200,1000,100,280,120,94,610,610,630,0.0028,0.0028,0.0693,523,810
Teng and Chandra (2016),2200,1000,100,120,500,103,610,610,630,0.0028,0.0028,0.0388,1009,595
Teng and Chandra (2016),2200,1000,100,120,500,97,610,578,630,0.0028,0.0075,0.0388,951,724
Teng and Chandra (2016),2200,1000,100,120,500,111,578,610,630,0.0075,0.0028,0.0388,1088,894
Terzioglu et al. (2018),950,1500,120,290,120,19,481,481,440,0.0068,0.0068,0.0231,0,799
Terzioglu et al. (2018),950,1500,120,290,120,26,481,481,440,0.0068,0.0068,0.0231,0,666
Terzioglu et al. (2018),950,1500,120,290,120,29,584,584,473,0.0068,0.0068,0.0231,0,813
Terzioglu et al. (2018),700,1500,120,290,120,35,584,584,519,0.0068,0.0068,0.0177,0,874
Terzioglu et al. (2018),1700,1500,120,290,120,35,584,584,528,0.0068,0.0034,0.0437,0,710
Terzioglu et al. (2018),1700,1500,120,290,120,23,584,584,528,0.0068,0.0068,0.0437,0,735
Terzioglu et al. (2018),950,1500,120,290,120,24,584,584,473,0.0034,0.0034,0.0231,0,563
Terzioglu et al. (2018),950,1500,120,290,120,26,584,584,473,0.0034,0.0034,0.0231,234,789
Terzioglu et al. (2018),950,1500,120,290,120,27,584,584,473,0.0034,0.0034,0.0231,486,793
Terzioglu et al. (2018),950,1500,120,290,120,24,481,481,440,0.0034,0.0034,0.0231,0,635
Tomazevic et al. (1995),1650,970,50,97,50,33,478,478,478,0.0026,0.0026,0.0026,112,39
Tomazevic et al. (1995),1650,970,50,100,50,44,478,478,538,0.0026,0.0026,0.0215,149,64
Tomazevic et al. (1995),1650,970,50,100,50,44,478,478,538,0.0026,0.0026,0.0215,299,86
Tomazevic et al. (1995),1650,970,50,100,50,33,478,478,538,0.0026,0.0026,0.0215,112,64
Tomazevic et al. (1995),1650,970,50,100,50,33,478,478,538,0.0026,0.0026,0.0215,224,83
Tomazevic et al. (1995),1650,970,50,100,50,33,469,469,465,0.0038,0.0038,0.0544,112,105
Tomazevic et al. (1995),1650,970,50,100,50,33,469,469,465,0.0038,0.0038,0.0544,224,110
Tomazevic et al. (1995),1650,970,50,100,50,33,469,469,465,0.0038,0.0038,0.0544,112,110
Tomazevic et al. (1995),1650,970,50,100,50,33,469,469,465,0.0038,0.0038,0.0544,224,117
Tran and Wallace (2015),2440,1220,152,206,152,47,516,450,472,0.0027,0.0027,0.0324,610,405
Tran and Wallace (2015),2440,1220,152,206,152,49,443,443,477,0.0062,0.0062,0.0728,636,742
Tran and Wallace (2015),1830,1220,152,206,152,49,516,450,472,0.0033,0.0033,0.0324,727,603
Tran and Wallace (2015),1830,1220,152,206,152,56,443,443,476,0.0074,0.0074,0.0617,623,859
Tran and Wallace (2015),1830,1220,152,206,152,58,443,443,476,0.0062,0.0062,0.0617,215,670
Whyte and Stojadinovic (2013),1646,3048,203,305,203,36,464,464,464,0.0071,0.0071,0.0071,0,1618
Whyte and Stojadinovic (2013),1646,3048,203,305,203,37,464,464,464,0.0071,0.0071,0.0071,0,1705
Wiradinata (1985),1160,2000,100,320,100,25,425,435,435,0.0026,0.008,0.0125,0,573
Wiradinata (1985),660,2000,100,320,100,22,425,435,435,0.0026,0.008,0.0125,0,680
XiangDong (1999),914.4,1219.2,76,152,152,50,419,419,425,0.0055,0.0055,0.0327,521,606
XiangDong (1999),914.4,1219.2,76,152,152,56,419,419,425,0.0055,0.0055,0.0327,259,633
XiangDong (1999),914.4,1219.2,76,152,152,50,419,419,425,0.0055,0.0055,0.0327,116,453
XiangDong (1999),914.4,1219.2,76,152,152,53,419,419,425,0.0109,0.0109,0.0327,245,702
XiangDong (1999),914.4,1219.2,76,152,152,48,600,600,425,0.0023,0.0023,0.0327,278,553
XiangDong (1999),914.4,1219.2,76,152,152,50,419,419,425,0.0109,0.0109,0.0327,289,737
XiangDong (1999),914.4,1219.2,76,152,152,56,419,419,425,0.0109,0.0109,0.0327,519,824
XiangDong (1999),914.4,1219.2,76,152,152,57,600,600,425,0.0023,0.0023,0.0327,528,676
XiangDong (1999),914.4,1219.2,76,152,152,57,600,600,425,0.0023,0.0023,0.0327,66,474
Yamada et al. (1974),600,1330,40,130,130,36,286,286,286,0.0031,0.0031,0.0126,524,373
Yamada et al. (1974),600,1330,40,130,130,30,286,286,286,0.0063,0.0063,0.0126,460,370
Yamada et al. (1974),600,1330,40,130,130,32,286,286,286,0.0126,0.0126,0.0126,539,438
Yamada et al. (1974),600,1330,30,130,130,33,286,286,286,0.0084,0.0084,0.0126,478,276
Yamada et al. (1974),600,1330,20,130,130,30,286,286,286,0.0063,0.0063,0.0126,513,211
Yamada et al. (1974),600,1330,20,130,130,34,286,286,286,0.0126,0.0126,0.0126,544,213
Zygouris et al. (2015),1350,1060,150,106,150,43,563,600,600,0.0052,0.0156,0.0156,0,548
Zygouris et al. (2015),1350,1060,150,106,150,43,563,600,600,0.0052,0.0156,0.0305,0,624
Zygouris et al. (2015),1350,1060,150,106,150,43,563,600,600,0.0052,0.0156,0.0156,0,537
Zygouris et al. (2015),1350,1060,150,106,150,43,563,600,600,0.0052,0.0156,0.0156,0,555
Barda et al. (1977),952.5,1905,101.6,101.6,609.6,23.5,0,535,527,0,0.005,0.041,0,1017
Barda et al. (1977),952.5,1905,101.6,101.6,609.6,19,495,0,527,0.005,0,0.041,0,699
Barda et al. (1977),952.5,1905,101.6,101.6,609.6,25.7,501,531,539,0.005,0.005,0.041,0,1140
Barda et al. (1977),476.3,1905,101.6,101.6,609.6,23.4,496,527,489,0.005,0.005,0.041,0,886
Hirosawa (1975),150,430,30,30,150,22.4,0,0,382,0,0,0.0068,0,25
Hirosawa (1975),150,430,30,30,150,22.4,382,382,382,0.0041,0.0036,0.0068,0,21
Hirosawa (1975),150,430,30,30,150,16.9,382,382,382,0.0041,0.0036,0.0068,0,18
Hirosawa (1975),150,430,30,30,150,16.9,333,333,382,0.0042,0.0037,0.0068,0,20
Hirosawa (1975),150,430,30,30,150,16.9,382,382,382,0.0041,0.0036,0.0068,0,23
Hirosawa (1975),150,430,30,30,150,16.1,382,382,382,0.0041,0.0036,0.0068,0,19
Hirosawa (1975),150,430,30,150,30,16.1,382,382,382,0.0041,0.0036,0.0068,0,21
Hirosawa (1975),145,430,25,30,145,26.5,402,402,402,0.0049,0.0043,0.0071,0,29
Hirosawa (1975),145,430,23,30,145,17.9,402,402,402,0.0054,0.0047,0.0071,0,25
Hirosawa (1975),145,430,25,30,145,17.9,323,323,402,0.005,0.0044,0.0071,0,27
Hirosawa (1975),145,430,20,30,145,15.4,323,323,402,0.0063,0.0055,0.0071,0,27
Hirosawa (1975),145,430,24,30,145,18.6,323,323,402,0.007,0.0067,0.0071,0,28
Hirosawa (1975),355,430,23,30,145,14.2,0,0,407,0,0,0.0152,0,19
Hirosawa (1975),355,430,24,30,145,14.2,0,0,407,0,0,0.0152,0,17
Hirosawa (1975),355,430,27,30,145,14.2,402,402,407,0.0038,0.004,0.0152,0,25
Hirosawa (1975),355,430,24,30,145,14.2,323,323,407,0.0043,0.0045,0.0152,0,24
Hirosawa (1975),355,430,16,30,145,13.8,323,323,407,0.0066,0.0069,0.0152,0,20
Synge (1980),1500,3000,100,100,500,26,380,315,300,0.0161,0.0037,0.0181,0,786
Maier and Thurlimann (1985),1200,1180,100,100,400,37.3,574,574,574,0.0101,0.0113,0.0113,465,682
Maier and Thurlimann (1985),1200,1180,100,100,400,34.1,555,555,555,0.0101,0.0113,0.0113,446,855
Sato et al. (1989),2200,2150,150,150,1000,43.1,422,422,422,0.0045,0.0045,0.0225,1155,2250
Sato et al. (1989),1400,2150,150,150,1000,44.6,528,528,528,0.0096,0.0096,0.0096,1155,2430
Mo and Chan (1996),500,880,70,80,170,32.2,302,302,302,0.0092,0.0073,0.021,0,205
Mo and Chan (1996),500,880,70,80,170,32.2,302,302,302,0.0092,0.0073,0.021,0,247
Mo and Chan (1996),500,880,70,80,170,32.1,302,302,302,0.0092,0.0073,0.021,0,202
Mo and Chan (1996),500,880,70,80,170,29.5,443,443,443,0.0092,0.0073,0.021,0,255
Mo and Chan (1996),500,880,70,80,170,29.5,443,443,443,0.0092,0.0073,0.021,0,204
Mo and Chan (1996),500,880,70,80,170,31,443,443,443,0.0092,0.0073,0.021,0,205
Mo and Chan (1996),500,880,70,80,170,37.5,302,302,302,0.0092,0.0073,0.021,0,223
Mo and Chan (1996),500,880,70,80,170,37.5,302,302,302,0.0092,0.0073,0.021,0,231
Mo and Chan (1996),500,880,70,80,170,39.9,302,302,302,0.0092,0.0073,0.021,0,250
Mo and Chan (1996),500,880,70,80,170,18,302,302,302,0.0092,0.0058,0.021,0,193
Mo and Chan (1996),500,880,70,80,170,18,302,302,302,0.0092,0.0058,0.021,0,217
Mo and Chan (1996),500,880,70,80,170,29.7,302,302,302,0.0092,0.0058,0.021,0,203
Mo and Chan (1996),500,880,70,80,170,30.7,443,443,443,0.0092,0.0058,0.021,0,246
Mo and Chan (1996),500,880,70,80,170,30.2,443,443,443,0.0092,0.0058,0.021,0,200
Mo and Chan (1996),500,880,70,80,170,30.2,443,443,443,0.0092,0.0058,0.021,0,210
Mo and Chan (1996),500,880,70,80,170,39.3,443,443,443,0.0092,0.0058,0.021,0,219
Mo and Chan (1996),500,880,70,80,170,37,443,443,443,0.0092,0.0058,0.021,0,205
Mo and Chan (1996),500,880,70,80,170,34.5,443,443,443,0.0092,0.0058,0.021,0,210
Mo and Chan (1996),500,880,70,80,170,66,302,302,302,0.0092,0.0058,0.021,0,250
Mo and Chan (1996),500,880,70,80,170,66,302,302,302,0.0092,0.0058,0.021,0,227
Palermo and Vecchio (2002),2020,3075,75,90,3045,21.7,605,605,605,0.0073,0.0082,0.0037,1200,1298
Palermo and Vecchio (2002),2020,3075,75,100,3045,18.8,605,605,605,0.0073,0.0082,0.0035,260,904
Dabbagh (2005),1000,1000,75,100,375,68,536,536,535,0.005,0.005,0.064,1200,992
Dabbagh (2005),1000,1000,75,100,375,68,498,498,535,0.013,0.013,0.064,1200,1190
Dabbagh (2005),1000,1000,75,100,375,81,536,498,535,0.008,0.008,0.064,1200,1107
Dabbagh (2005),1000,1000,75,100,375,81,536,498,535,0.008,0.008,0.064,0,683
Dabbagh (2005),1000,1000,75,100,375,77,536,498,535,0.013,0.005,0.064,1200,1134
Dabbagh (2005),1000,1000,75,100,375,77,498,498,535,0.01,0.01,0.064,1200,1141
Farvashany et al. (2008),1100,880,75,90,375,104,400,400,400,0.0047,0.0126,0.0402,540,735
Farvashany et al. (2008),1100,880,75,90,375,93,400,400,400,0.0047,0.0126,0.0402,954,845
Farvashany et al. (2008),1100,880,75,90,375,86,400,400,400,0.0047,0.0075,0.0402,953,625
Farvashany et al. (2008),1100,880,75,90,375,91,400,400,400,0.0047,0.0075,0.0402,2364,866
Farvashany et al. (2008),1100,880,75,90,375,84,400,400,400,0.0075,0.0126,0.0402,955,801
Farvashany et al. (2008),1100,880,75,90,375,90,400,400,400,0.0075,0.0126,0.0402,550,745
Farvashany et al. (2008),1100,880,75,90,375,102,400,400,400,0.0075,0.0075,0.0402,952,800
Ma and Li (2018),1000,1500,100,100,1500,35.9,335,554,554,0.0097,0.0071,0.0126,74,857
Ma and Li (2018),1000,1500,100,100,1500,35.9,335,554,554,0.0097,0.0071,0.0126,794,994
Fu et al. (2018),1600,1200,100,100,600,35.2,600,567,638,0.0029,0.0054,0.0101,1310,632
Fu et al. (2018),1600,1200,100,100,600,26.2,600,638,622,0.0044,0.0101,0.0168,977,550
Fu et al. (2018),1000,1200,100,100,600,29.9,600,638,638,0.007,0.005,0.0067,1112,757
Fu et al. (2018),1000,1200,100,100,600,30.4,600,638,638,0.007,0.005,0.0067,736,730
Fu et al. (2018),1600,1200,100,100,600,26.9,400,479,479,0.0069,0.0112,0.0237,1003,771
Han et al. (2018),580,850,130,130,400,26.1,400,400,411,0.0038,0.0056,0.0088,799,686
Han et al. (2018),580,850,130,130,400,26.1,400,400,457,0.0038,0.0085,0.0198,799,982
Han et al. (2018),580,850,130,130,400,26.1,400,400,411,0.0038,0.0056,0.0088,1996,1012
Han et al. (2018),580,850,130,130,400,26.1,400,400,457,0.0038,0.0085,0.0198,1996,1178
Han et al. (2018),920,850,130,130,400,26.1,400,400,411,0.0038,0.0056,0.0088,799,480
Han et al. (2018),920,850,130,130,400,26.1,400,400,457,0.0038,0.0085,0.0198,799,665
Han et al. (2018),920,850,130,130,400,26.1,400,400,411,0.0038,0.0056,0.0088,1996,705
Han et al. (2018),920,850,130,130,400,26.1,400,400,457,0.0038,0.0085,0.0198,1996,838
Han et al. (2018),1300,850,130,130,400,28.2,383,414,584,0.0065,0.0056,0.0155,863,361
Han et al. (2018),1300,850,130,130,400,28.2,383,414,462,0.0065,0.0071,0.0242,863,437
Han et al. (2018),1300,850,130,130,400,28.2,383,414,584,0.0065,0.0056,0.0155,2158,546
Han et al. (2018),1300,850,130,130,400,28.2,383,414,462,0.0065,0.0071,0.0242,2158,619
Han et al. (2018),1700,850,130,130,400,28.2,383,414,584,0.0064,0.0056,0.0155,863,296
Han et al. (2018),1700,850,130,130,400,28.2,383,414,462,0.0064,0.0071,0.0242,863,323
Han et al. (2018),1700,850,130,130,400,28.2,383,414,584,0.0064,0.0056,0.0155,2158,460
Han et al. (2018),1700,850,130,130,400,28.2,383,414,462,0.0064,0.0071,0.0242,2158,438
Ji et al. (2018),1650,1500,180,280,180,49.7,398,396,349,0.0037,0.0058,0.056,617,960
Ji et al. (2018),1650,1500,180,280,180,50.1,398,396,349,0.0037,0.0058,0.056,1030,823
Ji et al. (2018),1650,1500,180,280,180,50.2,398,396,349,0.0037,0.0058,0.056,1716,568
Ji et al. (2018),1650,1500,180,280,180,44.8,480,465,478,0.0037,0.0058,0.056,2553,337
Ji et al. (2018),1650,1500,180,280,180,45.9,480,465,478,0.0037,0.0058,0.056,3192,282
Ji et al. (2018),1650,1500,180,280,180,43.7,480,465,478,0.0037,0.0058,0.056,0,1173
Cheng et al. (2019),3000,1500,180,280,180,32.376,426,396,467,0.0056,0.0058,0.023,322,200
Cheng et al. (2019),3000,1500,180,280,180,21.204,426,396,467,0.0056,0.0058,0.023,538,189
Cheng et al. (2019),3000,1500,180,280,180,29.108,426,396,467,0.0056,0.0058,0.023,897,144
Cheng et al. (2019),3000,1500,180,280,180,24.7,426,396,467,0.0056,0.0058,0.023,1291,87
Nie et al. (2020),1800,1700,150,250,150,49.1,402,402,448,0.0038,0.0038,0.0119,0,1507
Nie et al. (2020),1800,1700,150,250,150,49.1,402,402,448,0.0038,0.0038,0.0119,776,1154
Nie et al. (2020),1800,1700,150,250,150,49.1,402,402,448,0.0038,0.0038,0.0119,1034,1105
Nie et al. (2020),1800,1700,150,250,150,49.1,402,402,448,0.0038,0.0038,0.0119,1293,1008
Li et al. (2022),1800,1700,150,250,150,49.1,432,432,463,0.0038,0.0038,0.075,1293,951
Li et al. (2022),1800,1700,150,250,150,145.64,432,432,463,0.0038,0.0038,0.075,1293,1218
Li et al. (2022),1800,1700,150,250,150,145.64,432,432,463,0.0019,0.0038,0.075,1293,1251
Li et al. (2022),1800,1700,150,250,150,145.64,432,432,457,0.0019,0.0038,0.095,1560,1310
Li et al. (2022),1800,1700,150,250,150,145.64,432,432,457,0.0019,0.0019,0.095,1560,1200
Li et al. (2022),1800,1700,150,250,150,145.64,432,432,457,0.0019,0.0019,0.095,1750,1281
Baek (2018),750,1500,200,200,200,42.1,667,667,667,0.0068,0.0069,0.019,0,787
Baek (2018),750,1500,200,150,200,42.1,667,667,667,0.0068,0.0058,0.0127,882,1087
Baek (2018),750,1500,200,150,200,42.1,625,667,667,0.0071,0.0068,0.0127,0,646
Baek et al. (2017),1500,1500,200,300,200,46.1,667,653,617,0.0025,0.0036,0.0957,970,1478
Baek et al. (2017),1500,1500,200,300,200,70.3,667,653,617,0.0025,0.0036,0.0957,1470,1877
Baek et al. (2017),1500,1500,200,300,200,46.5,667,653,617,0.0025,0.0036,0.0957,970,1916
Baek et al. (2017),3000,1500,200,300,200,36.5,470,470,617,0.0093,0.011,0.1275,720,2016
Baek et al. (2017),3000,1500,200,300,200,36.5,667,667,617,0.0068,0.0056,0.1275,720,1960
Baek et al. (2017),3000,1500,200,300,200,36.5,470,470,617,0.0046,0.0066,0.0957,720,1336
Baek et al. (2017),3000,1500,200,300,200,36.5,667,667,617,0.0034,0.0042,0.0957,720,1431
Baek et al. (2017),3000,1500,200,200,200,38.1,470,470,620,0.0093,0.0108,0.1056,752,1430
Baek et al. (2017),3000,1500,200,200,200,36.7,667,667,620,0.0068,0.0069,0.1056,724,1492
Baek et al. (2017),3000,1500,200,200,200,38.2,563,563,620,0.008,0.0081,0.1056,754,1400
Baek et al. (2017),3000,1500,200,200,200,26.1,636,637,620,0.0072,0.0062,0.1056,515,1401
Baek et al. (2020),1500,1500,200,200,250,35.8,479,514,445,0.0051,0.0047,0.0405,0,792
Baek et al. (2020),750,1500,200,200,250,41,479,514,484,0.0051,0.0047,0.0194,0,728
Baek et al. (2020),750,1500,200,200,250,36,479,514,544,0.0051,0.0047,0.115,0,1423
Kim et al. (2023),2000,1000,150,150,150,38.3,809,809,809,0.0014,0.0014,0.0063,0,88
Kim et al. (2023),2000,1000,150,150,150,38.3,809,809,707,0.0014,0.0027,0.0208,0,181
Kim et al. (2023),2000,1000,150,150,150,38.7,809,809,760,0.0014,0.0014,0.0688,0,347
Kim et al. (2023),2000,1000,150,150,150,38.7,809,809,760,0.0025,0.0027,0.0901,0,522
Kim et al. (2023),2000,1000,150,150,150,42.3,505,505,760,0.0025,0.0027,0.0688,0,463
Li et al. (2023),1300,1200,120,200,120,59.8,400.3,400.3,497.3,0.0056,0.0056,0.0838,2585,1463.1
Li et al. (2023),1300,1200,120,200,120,131.91,400.3,400.3,497.3,0.0056,0.0056,0.0838,5112,2709.65
Li et al. (2023),1300,1200,120,200,120,131.91,400.3,400.3,497.3,0.0056,0.0056,0.0838,6134,2713.55
Li et al. (2023),1300,1200,120,200,120,131.91,421.8,421.8,497.3,0.0038,0.0038,0.0838,5112,2631.6
Li et al. (2023),1300,1200,120,200,120,131.91,421.8,421.8,497.3,0.0038,0.0038,0.0838,6134,2764.3
Li et al. (2023),1300,1200,120,200,120,131.91,421.8,421.8,497.3,0.0019,0.0038,0.0838,5112,2584.5
Hung and Hsieh (2020),1525,1500,160,200,160,82,825.3,825.3,542.5,0.006034,0.006034,0.1508,0,2151.559509
Hung and Hsieh (2020),1525,1500,160,200,160,114,825.3,825.3,542.5,0.006034,0.006034,0.1508,0,1921.874085
Hung and Hsieh (2020),1525,1500,160,200,160,93,487.9,487.9,542.5,0.006034,0.006034,0.1508,0,2291.331421
Hung and Hsieh (2020),1525,1500,160,200,160,93,825.3,825.3,542.5,0.006034,0.006034,0.1508,0,2291.331421
Hung et al. (2017),1525,1500,160,200,160,166,849,849,706,0.004463,0.004463,0.06136,0,1329.638989
Hung et al. (2017),1525,1500,160,200,160,125,455,455,706,0.00754,0.00754,0.06136,0,1636.80176
Hung et al. (2017),1525,1500,160,200,160,158,825,825,706,0.01056,0.01056,0.09204,0,2081.559723
Hung et al. (2017),1525,1500,160,200,160,115,825,825,706,0.01056,0.01056,0.09204,0,2599.450403
